,title
0,SPIRINET   ENERGY FORMULA  KHT007
1,Babe Roots  Kojo Neatness   Be Still   Rawness
2,CASH FROM HASH   CASH FROM HASH   AXON
3,Jay Glass Dubs   Epitaph
4,"Mina, Bryte, King Doudou   Mina ft. Bryte   Sentah "
5,Pearson Sound X Clara!   Mi Cuerpo
6,DJ Seinfeld   Time Spent Away From U
7,scopeotaku 4040 d
8,Various Artists   Pho Beat Bazar Vol. 1
9,Mala   Miracles   New Life 
10,Kinlaw   Franco Franco   Mezzi Umani Mezze Macchine
11,King Doudou   Toa
12,Motion Ward   Perpetual
13,Anunaku   DJ Plead   032
14,Wedding Acid Group   Easid Bits EP
15,JOSI DEVIL   JDS WOURLD  002
16, OH91   Skanks EP 
17,Kahn   Illy
18,La Zowi   Élite
19,Tzusing   東方不敗
20,Adriano Cava   Transient
21,Beau Wanzer   Untitled
22,MEDI64 Kahn   Dread   Late Night Blues
23,SPORTS 3
24,OL   Dismeteo
25,Killing Sound   Pass This Version On
26,Cassius Select   IF YOU DO A LITTLE DANCE
27,YOKEL   Smell of Deer
28,XXIII   XXIII   VOLUME 7
29,Walton   Abyss EP
30,No Vacancy   No Vacancy
31,ONO   Red Summer
32,UVB76 027
33,Hotline Recordings   Ishan Sound   A Wa Yu Want
34,Low Jack   Jingles du Lieu dit
35,Pugilist   Intentions
36,Indian Man   Epsilon Indi
37,Ruff Hysteria
38,Batu   Batu   Numen   Cazz
39,Beneath   Beneath   Seeus   Ovaride
40,Secret Rave   01
41,rkeat.   rkeat   the changes ep
42,Loefah   Horror Show
43,Notte Infinita   I Lost All My Data
44,Reflex Blue   Gotham EP
45,Osémio Boémio   Osémio Boémio   DEAD LISBON EP
46,Borai   Borai   Anybody From London EP
47,Sebastiano Carghini   44
48,Roska   MOM039  Roska   Jammed EP
49,Felinto   Não Tem Volta
50,Pendant   Make Me Know You Sweet 
51,Commodo   Commodo   F ck Mountain   Good Grief
52,Ancient Plastix   S T
53,King Doudou   Cyberluv ft. Albany   Tomasa del Real
54,Joe   Get Centred
55,Lurka   Stush   Wrapped Up
56,James Shinra   Meteor EP
57,Hi5Ghost   Hi5Ghost   No Sleep   Peder Mannerfelt Remix
58,Hodge   Hodge   Mind Games   Flashback
59,Secret Rave   SECRET RAVE 01
60,Lurka   Clean
61,JV   Palf   JV   Palf   Wren EP
62,Caucenus   REZAS
63,Group Zero   Everyone’s Already Come Apart
64,XXIII   XXIII   VOLUME 8
65,Lurka   Rhythm Hi Tek
66,Hotline Recordings   G36   No Escape   Black Mass
67,Kahn   Neek   Kahn   Neek   Backchat   Dubchat
68,Ats   Slack
69,Parris   2 Vultures EP
70,Bearer   Bone
71,Alien + B12 Remix   Unreleased 96 00
72,XXIII   XXIII   VOLUME 6
73,PALEMAN   PLMN001
74,Trev   Of The Sorcerer
75,Hotline Recordings   Gantz   Tut Tut Situation   Love   Acid
76,The Humble Bee   Light Trespassing
77,XXIII   XXIII   VOLUME 1
78,Dubkasm ft Rider Shafique 
79,JoeFarr   Longanimity EP
80,Revelation Man   Medieval Massage
81,Tony Boy   Umile  
82,Ishan Sound   RIder Shafique   Ishan Sound Vs Rider Shafique
83,SSIEGE   Meteora
84,Honeälome  Kuzma Palkin  Solotape  Hajj  Buttechno  2Beast  Ko$te   Omnia Vanitas
85,Data Assault   ND006   Black Earth EP
86,Audrey   Spanka Clawz
87,Mr.K   Red Handed
88,slowthai   Runt
89,Dave Saved   Power and Silence  Deindustrialization
90,keysound recordings   Strings Hoe 
91,Via Maris   Lekky   Hiblrr
92,Ploy   Iron Lungs
93,Marco Shuttle   Cobalt Desert Oasis
94,EP 64   NLV001  EP 64   #45 
95,Farsight   Leg Shake
96,memotone   Memotone LP
97,Rainforest Spiritual Enslavement   Green Graves
98,Haramia Tapes   B2   Evening Theme
99,Lurka   Full Clip   BR Greaze
100,Agrippa   Mygraine Urgraine   Harbour Run
101,XXIII   XXIII   150
102,Yak   Umbra   Kaepora
103,Chris Moss Acid   Lill Chill
104,Lurka   Ritual Dingers   Choke
105,Two Shell   Access
106,Bad Tracking   Widower EP
107,Randomer   Hodge   Second Freeze   Simple As
108,Keepsakes   Ever So Merry LP
109,Aldrich   Ravaged Minds
110,Front de Cadeaux   SUPREME RALLENTATO VOLUME 4
111,Pessimist   Holsten   The Riot Tune
112,Rachael   Rachael   Okada
113,Sam Binga  Marcus Visionary   Sam Binga   Marcus Visionary   Doubles EP
114,Susobrino   LA HOJA DE EUCALIPTO
115,SPIRINET   MY KISS
116,DJ NIGGA FOX   O Meu Estilo EP
117,Various Artists   Music For Balconies 1
118,Henry Greenleaf   Rush EP
119,FLmm   Verluste EP
120,Yabby You   King Tubby   Walls of Jerusalem
121,Ssiege   Beautiful Age
122,Somah Dark Arts
123,Strange Audio Dreams   Error Design
124,memotone   SHIRO
125,Clouds   EDLX.046 Timeslip Roadmender EP
126,Dj Normal 4   Vivid
127,Thomas P Heckmann   Acid Seduction 2
128,Matteo Coffetti   HypnotechoO
129,Kowton   Utility
130,Pearson Sound   Pearls
131,Warehouse Rave   Soul Mass Transit System   Dont Hold Back EP
132,DJ BeBeDeRa   Tarraxo Funguiça Das Negras  SP
133,Hundebiss Records   CLÁSICOS VOL. 1 – Edits collection by Jim C. Nedd
134,Berceuse Heroique   BH 071 Duckett   Emperors New Clothes Part Two
135,Pugilist   Pugilist   Pineapple Tune
136,Loefah   midnight
137,Loefah   Root
138,John T. Gast   5GTOUR
139,Variance   VAR1000   VA #free #download
140,Devi Tensione   Tanto Tempo
141,Batu   SYX
142,Radial   Inverso Mundi EP
143,Parris   Burr   Blue
144,Big Hands   Lakamha
145,Pangaea   Wont Hurt
146,RDL Shellah   Streets
147,Senyawa   Menuju Muara 
148,For Those of You Who Have Never 
149,VA   Inverted Echoes   Pho Bho Records
150, Cybonix   Make This Party Live 
151,JoeFarr   Spectate EP
152,Young Druid   YOUNG DRUID
153,01   Frankie Goes To Hollywood   Welcome To The Pleasuredome
154,dj haram   BODY COUNT
155,Walton   Taiko
156,Donato Dozzy   Cassandra 
157,SPIRITS OF THE BLACK LODGE   SPIRINET  Wind Ripped
158,Raccordo Fluviale Subalpino   Raccordo Fluviale Subalpino
159,J Zbel   A1 Diablo Verde
160,JV   Palf   Dont Stop 
161,Weird Weather   Succulents EP
162,Conrad Pack   Receptor
163,Mars89   Throbbing Pain
164,Heith   Laguna
165,Locked Club   Svoboda EP
166,A$AP Rocky   Cozy Tapes Vol. 1   Friends
167,Thomas P Heckmann   Acid Seduction
168,V A   SECRET RAVE 03
169,Filter Dread   Ice Rave
170,Planet Lonely 
171,Piezo   LSD Superhero
172,Dawl   Ultimate Damage
173,Pugilist   Blue 06
174,O. G. JIGG   Dominion Window
175,Sputnik One   Warm Body EP
176,Al Wootton   Every Knee Shall Bow 
177,V A   SECRET RAVE 04
178,nthng   Are You Here
179,I HATE MODELS   PERSEPHONE
180,Autumns   Dyslexia Sound System
181,RG   Observer
182,Steve Summers   Generation Loss 
183,King Doudou  Fauna  Dengue Dengue Dengue  Catnapp  Zonora Point   KD COMPIL 1
184,Gombeen   Doygen   DAmericana   Auto Lies
185,DK Riding for a Fall
186,Samba Kings EP
187,"De Grandi, Mc 2D, King Doudou   De Grandi   Sapristi "
188, Textasy   Nasty King Kurl   Bombers
189, Salamandos   The World To Come 
190,Lamont   Cut It Back EP
191,Loefah   Mud
192,Ulla   Tumbling Towards a Wall
193,Reptilian Expo   xperiametaphone
194,Unknown Artist   W.L.W.A.S.I.O.H. 
195,Pugilist   Negative Space
196,   Mode For Love E.P. 
197,Sunson   ATABAQUE SESSIONS EP
198,xxoy.   Hip Hop Tuga Edits   Vol. 3 by xxoy
199,Falhaber   Baptised EP
200,Glances   Stay There EP
201,Space Invaders Are Smoking Grass
202,Robert Fleck   Soft focus  
203,V A   SECRET RAVE 05
204,Ploy   Ramos   Roys Rolls
205,Répéter   In Fine Style
206,JONQUERA   Hell Reggaeton
207,AIR Krew   A Walk Through H
208,Big Hands   Arcane Mosaics
209,Distro   MOM046  Distro   Lust   Liquor
210,PEDRO   Damaia 2.0
211,EDMX   Mind Mechanixx
212,Frankie Knuckles   His Greatest Hits From Trax
213,Jack Roland   Dream Technology
214,V A   SECRET RAVE 02
215,YOUTH   Blazer Sound System   YO6TH
216,SEBASTIANO CARGHINI   ENXPL02   BLUE
217,K LONE   K LONE   Sine Language
218,Marv   Keyboard Suite I
219,Asusu   Hallucinator   Sendak
220,XXIII   XXIII   MEGATRON
221,Jerico   Run That
222,Clara! y Maoupa   Truenos
223,Various artists   XXIII   VOLUME 4
224,Supreme Rallentato Volume 2
225,Eva808   Oyuki EP
226,Klaus   Sabz   Qua  
227,Comme de Loin
228,Henry Greenleaf   Fold Together EP
229,Zoë Mc Pherson   Alva
230,Paleman   Like O
231,Buttechno   Sport  
232,DJ Overdose   Emulator Armour
233,Atoloi   CuraVoceScura
234,Piezo   ANSIA004
235,Konstruktivits   Glennascaul
236,MEDI82 Commodo   Shift   Instrumental
237,KAHN   SYSTM035   KAHN
238,Buttechno   Badtrip 
239,Front De Cadeaux Supreme Rallentato Volume 1
240,Stepz Riddim 
241,Fly By Night Recordings   FBN005   Locked Up
242,Sunun + Jiinx   Sunun + Jiinx
243,Babe Roots   Babe Roots LP
244,Piezo   Piezo
245,Anthro   Trigger Happs EP
246,VA   Thick As Thieves
247,Unknown Artists   Gomma Piuma
248,Gavnlig   Canola
249,NKC   Hague Basement
250,Abu Ama   AM002
251,Holiday Inn Tropicantesimo   Torbido   Equohm
252,G Sudden   Bunout Boss EP
253,Lamont   Titanic   Eyes Closed
254,Wisecrack   Wisecrack
255,DJ APE   DJ OA$IS   Sleng Again   Sleng Again  Again
256,Rainforest Spiritual Enslavement   Flying Fish Ambience
257,Sunun   Ooid
258, Salamandos   Follow The Messiah 
259,Threat to Creation
260,Tribe Of Colin   FRUITS OF ZION
261,Low Jack   Virgin Traf 22   Grass 29
262,Francesco Cavaliere   Tessera Alata
263,Zuli  Rama   NMX003  Zuli   Rama
264,TEMPEST   UNFULFILLED EP
265,Andy Mac   Ossia   Soup Riddim   Cado   Linguine
266,Significant Other   Oblivion  
267,Space Drum Meditation   SDM001
268,Various Artists   WINDOW A   WINDOW B
269,Buttechno   Yalta Ukraine
270,Space Drum Meditation   SDM005
271,Qant Waiting Game EP
272,Gaunt   Shes No Patsy
273, Skander – Dirge 
274,Marco Shuttle   Ritmo Elegante
275,caterina barbieri   Clessidra
276,Stones Taro   Digital Vintage EP
277,O$VMV$M   Soak 
278,Mikael   Wildfire
279,Chief Keef   Macaroni Time
280, rainforest   jungle is our dub dub to jungle
281,Ambulance vs Ambulance   Bitte Pill
282,Yak   Lucid Nightmare
283,Sprawl + DArcangelo Remix   Time Tunnel
284,Dj Healer   Nothing 2 Loose
285,dom peri x chicoria
286,Florian T M Zeisig   Coatcheck
287,Little Artist   CANCEL COPENHAGEN
288,YOUTH   SSIEGE   Fading Summer   YOCS2
289,ZULI   Bionic Ahmed 
290,Digiaches   I See White
291, SSIEGE   Turbe In Sviluppo 
292,Tebra X Double Precision   Jokini
293,Le Combat   The Tower
294,Big Hands   Ossario
295,V A   LLI008 Compilation
296,Anthony Naples El Portal 
297,Randomer   Smokin
298,Menzi   Impazamo
299,"Bear Bones, Lay Low   Voces De Humo "
300,Space Drum Meditation   SDM002
301,Samba   Winona  
302,Krikor   Gun Clash Riddim
303,Dizee Rascal   Pagans EP 
304,Tolouse Low Trax   Decades vol.II
305,Reedale Rise   Eternal Return
306,Robert Fleck   Injury Time
307,Mido   Darunia  
308,Đ.K.   The Ancient Kingdom
309,King Doudou   FRUTA PROHIBIDA
310,Two Shell   Over U
311,Senate   Gangstalker
312,Four Tet   New Energy
313,wzrdryAV   Midnight Visions
314,Flowdan   Full Metal Jacket
315,67   Lets Lurk 
316,Legowelt   Immensity Of Cosmic Space
317,Perc   Truss   Clapacid
318,King Doudou   Worldwide Arena
319,Lemonick   Krizzli   Nammi
320,Anunaku   Stargate EP
321,Batu   Lurka   Curved   Bambounou Hyper Street Remix
322,Franco Franco   Solo Fiori
323,Mala   Changes   Forgive
324,Tenesha The WordSmith   Madea Dangerous Women
325,Tzusing   地心引力抓不住你
326,Cash From Hash   Cash From Hash   Hot Blooded EP
327,Ossia   chester giles   Shackles   Anpao
328,Senyawa   Alkisah
329,XXIII   XXIII   VOLUME 3
330,DayKoda   Hard Times and View Points
331,Ossia   Devils Dance
332,Bruce   Sonder Somatic    
333,V A   DAAF TRAX 2
334,Hebbe   Down Town Dub  Tumble
335,Persistence of memory  
336,hypho   round ere
337,Paleman   Yrs Ago   Animus
338,"El Mini, King Doudou   El Mini   Superpussy "
339,Notte Brigante   DJ F16 FALCON   Ici Commence La Nuit
340,Anthony Naples   Chameleon
341,The Prince Stoner   Stoners Dub
342,Jake Muir   Ladys Mantle
343,O$VMV$M   O$VMV$M   Phase 4   Witch Linen
344,Huerco S.   QTT4
345,Sikka Rymes   Seh Dem Bad
346,Via Maris   Glow Wall   CU2
347,Jarguna   Animas k    एन्हालोन
348,Batu   Marius EP
349,King Doudou   Ms Nina   Pastillas 
350,Alberto de Cardeña   SUBSIST.47D   Voices EP
351,Various Artists   Anima respinta dal futuro Vol.1
352,YOUTH   Nuclear Winter   Heavy Rain   Y15TH
353,King Doudou   Fiebre Riddim
354,Sharp tool in the shed   Land of the insane  
355,Kid Yugi   The Globe 
356,Lamont   Detached
357,Cousin   Ruff Draft
358,David Goren   Brooklyn Pirates  Neighbourhoods in the Sky  2014 2021
359,Elgato   Tonight   Blue
360, Soundbwoy Killah   Halcyon Daze 
361,CS + Kreme   EP #1
362,Jerome   Moods
363,Rezzett   Rezzett LP
364,Grim Lusk   Search
365,Mindcut Music   Mindcut08   Myler   Dixies James EP
366,Manse   Cymbal Shudder
367,Ebb ft. Akcept   Wild Wood
368,Significant Other   Postdrome EP
369,Blade  Evil Forces EP
370,acadjmia   Had Moments  Finished Strong
371,LCY   LCY
372,Giustino Kabiro   Nella Carovana
373,forest drive west set free web
374,Ancient Caves   Filter Dread   Listen 2 Me
375,Sparse   Sparse #1
376, BODDIKA   Acid Jackson Basement 
377, Soundbwoy Killah   Come My Selector 
378,Jake Muir   the hum of your veiled voice
379,XXIII   XXIII   VOLUME 2
380,Biome   Griddled EP
381,forest drive west   apparitions 
382,Lil Durk   Im Still a Hitta
383,Rakim   The Master
384,Debmaster   1av2
385,King Doudou   Alarma
386,Hodge   Amor Fati    Tilikum 
387,Paleman   Beezeldub
388,Bambounou x Bruce   Final Conference
389,XXIII   XXIII   VOLUME 5
390, People Plus   Olympus Mons EP 
391, Nick Klein   Rhinestone Cowboy
392,Yung Beef   Perreo de la Muerte 2 
393,Basic Rhythm   2 Da Core
394,Otik   Wetlands
395,King Doudou   DANAO
396,O. G. JIGG   FRIENDS   Originals Remixes
397,Weeshuis Der Verloren Zielen EP
398,Rosso Polare   Bocca Dombra
399,Hodge   HEK025 
400,Never mind   Short stay  
401,Pluralist   CJAW013  Pluralist
402,Luca Lozano   Gun Fingers 
403,Nikolajev   LEL EP
404,Laksa   Sen On One
405,xxoy.   Hip Hop Tuga Edits   Vol. 2
406,Russian Tsarlag   Secret Boyfriend   Split
407,Yao Bobby   Simon Grab   Black Revolution
408,Coco Bryce   Tommy The Cat   Coco   The Cat Return 
409,Loefah   Ruffage
410,Peverelist   Undulate   Grit
411,PEDRO   Na Quebrada 
412,STILL   Haile Selassie Is The Micro Chip 
413,Tessela   Lanark Artefax   Blue 01
414,Loefah   The Goat Stare
415,Various Artists   Inverted Echoes
416,Reflec   BHM
417,Branko + PEDRO   MPTS
418,Huerco S.   Plonk
419,Pearson Sound   Starburst EP
420,PEDRO   DL
421,Treega   Trasher EP
422,Wilted Woman   Songs in the Key of Wilt
423,forest drive west jungle crack ep
424,Ascot ww   Welcome To The Wicked Land
425,Drax   The 3rd Decade
426,"Le Dom, Cabo Snoop, King Doudou   Le Dom ft. Cabo Snoop   Final Windeck "
427,Parris   Puro Rosaceae EP
428,Madteo   Str8 Crooked
429,Aleksa Alaska  Chlorys   NMX002  Paranormal Mixtape
430,King Doudou   King Doudou Edits Vol. 3
431,Equohm   Morning Mixtape vol.2  w  Equohm
432,Fabio Fabio   Masochistas EP 
433,Addison Groove   FREE DL   FOOTCRAB VIP REMASTER
434,Luca Lozano x Dawl   Cybernetik Synergy EP
435,UVB76   IWA GAADEN
436,Kaval   TRIBY BALAD
437,BKV Cadavre   VOM   Fire In The Mind
438,Marcangelo Malapianta   Cover DAmore
439,Caski   Structures
440,Mars89   Lucid Dream EP
441,Krush Lumpkin   Rilascio
442,Low Jack   Les Riddims du Lieu dit
443,Tammo Hesselink   It Is Easy To See
444,Logic1000   LOGIC1000
445,Seven Sisters   Pursuit Ep
446,xxoy   xxoy   Wonderland
447,Dori Sorride   A Catturare I Raggi
448,a rocket in dub   normal dub
449,Christos Chondropoulos   Oaks
450,John T. Gast   SINEAD MEMORY TAPE 
451,Beneath   Numbers Talk EP
452,Massacooramaan   Dancehall Princess
453,Mall Grab   How The Dogs Chill  Vol.1
454,Tessela   Hackney Parrot   Helter Skelter
455,Randomer   HEK021   Randomer   Bring   Curtains
456,Dib Discs   DJ D3X 357   BRAIN NOIZE EP
457,Anatolian Weapons   Anatolian Weapons   Immersion
458,Bakongo   Thirteen Level Cowbell
459,Various Artists   Music For Balconies 2
460,Ninja Exotic Machine Ft. Yeho   36 Questions
461,SAINT ABDULLAH   IN GODS IMAGE
462,Batu   Bleeper Feed   April These
463,Jake Muir   ITLP10   Mana
464,Duma   Duma
465,Kahn      Dread + Dubkasm Versions 
466,OSS001 Masters
467,KELMAN DURAN   1804 KIDS
468,Florian T M Zeisig   You Look So Serious
469,Pawels Bar   Pawels Bar   Cantina
470,Bruce   Im Alright Mate   Post Rave Wrestle
471,Dentis   The Pintupi Nine EP
472,Laksa   The Amala Trick   In The Middle
473,Bokeh Allstars   Mutual Aid 2020
474,GUNDAM   DARKSIDE DUB
475,Objekt   Objekt #4
476,Brooke Candy   Dimen5ión
477,Loefah   woman
478,dentis   Gulag
479,BABE ROOTS   MUSIC MISSION EP
480,Loefah   Ginnocchio
481,Chaperone   Jazz From the Shelter
482,Jonah Dan   Galactic Light
483,Oyl   Urm
484,dentis   Music for the Masses EP
485,Sondáil   Polydial
486,Forest Drive West   System   Show Them
487,YOUTH   Katatonic Silentio   Pow Snake
488,dstrtdvsn   73 Explore your mind 
489,E Talking   Laksa   Blue 04
490,Cabasa   Defective
491,King Doudou   King Doudou   Futsal Mega Mix
492,Bambounou   Hale
493,KRIKOR   CÉFRAN RIDDIMS  001
494,Cassius Select   Hype Hour
495,PML BEATZ   Pedra de 800 Kg
496,Angel Rocket   AM003
497,King Doudou   Future   Mask Off 
498,SECRET BOYFRIEND   Memory Care Unit
499,Silas   Snare   PRESSURE
500,Kashual Plastik   Laure Boer   Agate et la pierre de Sable
501,Cassius Select   Slang
502,Cabasa   Mail Sent EP
503,Headless Horseman   Headless Horseman 007
504,Kinlaw   Franco Franco   WAVE LED
505,SKREAM   Unreleased Classics Vol.1 2003   2003
506,Avon Terror Corps   Wisecrack   Flesh
507,Ruutu Poiss   Demosoup
508,NOT399093   MALTA ORLATA
509,Kreggo   New Age EP  digital exclusive
510,SSIEGE   Firenze Pad   Uomo Luce
511,The Dengie Hundred   Tube 
512,Eterno Ritorno   TP010  Eterno Ritorno
513,Ploy   Ploy   The Edits DIGITAL
514,"HUGODADA   Santa Clara   Live at Nerolidio, Como, 9 4 22"
515,Various   Substance   Shamas Natire
516,Joy Orbison   Off Season   Fuerza  HINF8679
517,Space Drum Meditation   Space Drum Meditation   SDM004
518,John T. Gast   DRINK BEFORE THE WAR  
519,At One   Rainfall In Dub
520,Compa   Take Control
521,Pugilist   Cha
522,DJ Normal 4   BFDM009   MENTAL COMMAND TERROR
523,Danish Dream   After Sauna EP
524,Twins   Nothing Left
525,Perc   Before I Go
526,DJ NERVOSO   DJ Nervoso
527,Intel Mercenary   Wilted Woman   IMWW
528,Sebastiano Carghini   tpeso
529,Rorschac   Lolophophora
530,Various Artists   Habibi Funk 014  Solidarity With Beirut
531,Ansome   Penny   Pound EP
532,Isle   Losing Phase
533,John T. Gast   KINGS X   EXTENDED MIX
534,Pangaea   You Know Whats Up
535,Delroy Edwards   4 Club Use Only 
536,Gesloten Cirkel   M 011
537,Perc   My Head Is Slowly Exploding
538,Neinzer   Deff
539,King Doudou   Cachetona
540,Job Sifre   Het Bestaan
541,The saturnian system   The sequel  
542,Ninja Exotic Machine   Wokatikitanku Ep
543,Breaka   004   Rorys Theme   Puffer Jackets
544,Tropicantesimo   Tropicantesimo Session 1
545,Overmono   Diamond Cut   Bby
546,Space Afrika   hybtwibt
547,Greg Beato   When Monkeys Attack  
548,Jay Daniel   2013   Scorpio Rising EP
549,King Doudou   Novinha   Tremendo Bumbum
550,Donato Dozzy   The Tao
551,Human Resources   BAM001
552,JLZ   BADSISTA   BABYLON 
553,Beau Wanzer   Kitchen Clock
554,Big Hands   Baroque Sunburst EP  BSUN001
555,Loefah   Coki   Disco Rekah   All of a Sudden
556,Nah Eeto   Sumgii   Wanawake
557,Dumb Hummer All The Time 
558,SONS OF TRADERS   Crollo Nervoso LP  BLF1C007
559,"Khaled, Trapani, King Doudou   Khaled ft. Trapani   Mea Culpa "
560,Junior Loves   2020   Yantlet   Grain
561,Luca Lozano   Inner Peace EP
562,Lava Dome   MAGMA
563,Space Drum Meditation   SDM003
564, Forest Drive West   static   escape
565,Luca Lozano   Summer Of Love EP
566,I iii   Dolce  Bun So Nude 
567,Qant   Transgressive 
568,O$VMV$M   Manonmars   In Colour Instrumentals
569,Tafi All Stars   Outside Rhythm
570,Whitney K   Two Years
571,Laughter of Saints   Kekuasaan
572,Bass   Anaconda Legs
573,Low Jack   Jingles du Lieu dit
574,King Doudou   SURRENDER
575,Kreggo   Immaginario EP  digital exclusive
576,Pangaea   Bone Sucka 
577,Slacker   Damage To Be Undone
578,King Doudou   King Doudou Edits Vol.2
579,Osémio Boémio   Osémio Boémio   NO TIME 4 BAD DAYS EP
580,Pearson Sound   Thaw Cycle
581,Atoloi   Papier dArmenie
582,Notte Brigante   Stranger Than Dub EP
583,Batu   Murmur
584,DJ JM   Cosa Nostra
585,SlugDown   Sun Box
586,Lambratech   STAY FAST VOL. 1
587,Hodge   No Single Thing
588,TMSV   Jungle  Vol. 3
589,Sikka Rymes   Love Di People EP
590,Madteo   Sensational   Special Offer
591,Metal Preyers   Peppa
592,Ele Dane   nature shaft
593,Various   The Architects   Volume One
594,Pearson Sound   Rubble 
595,Beneath   Seeus 
596,Lamont   Aldgate Pump
597,Lo Kindre   Chlorophytum
598,Forest Drive West   Dualism ep  
599, J Kenzo   Ruffhouse VIP 
600,Kinlaw   Franco Franco   Crocs on the Plough
601,EGOLESS   Solidarity in Dub
602,Pugilist   Pugilist   Another Channel   Fight Authority   Seek Truth
603,Blade   Outlook EP 
604,Argo Nooo ARTKL024 WEB 2016 MKD
605, DPRTNDRP   What Ya Mean 
606,Forest Drive West   Blue 05  
607,Fredo Santana   Fredo Kruger 2
608,Anthony Naples   Fog FM 
609,DJ Brittle   Aleatoric Sampling System Vol. 1
610,Loefah   Natural Charge Crack Bong Rmx
611,Mikey General   Only Jah Know
612,ᕦᕤ   High School Blues
613,Alex Coulton   Recall Wiretap
614, J Kenzo   Shark Eye   Asutoraru
615,RSD   Jah Way   Speeka Box 
616,Quartz   Alchemy Burn 
617,TMSV   Jungle  Vol. 2
618, dub across borders   black lake lack blake
619,TMSV   Jungle  Vol. 1
620,Luca Lozano + Mr. Ho   Visions of Rhythm 2
621,Forest Drive West   Terminus ep  
622,Catene   CXT001   MASTERS DEF
623,Ploy   Intrigued By The Drum  
624,XIII   Permanent Rain
625,Equation ep 
626,Filter Dread   Space Beams EP
627,Odd Person   Myths of the Crystal Plateau
628,Chaos in the CBD   Orange Blank Green Dove
629,memotone   How Was Your Life
630,Alex Coulton   Bleep Sequence   Tension
631,Big Hands   Ossario 
632,Giggs   Big Bad 
633,Loop LF   Natural XT
634,boli group   boli group   The Jutlandia Quartets
635,Dj Metatron   Loops of Infinity 
636,Loop LF   Stepping Back EP  
637,Notte Brigante   NB03t   Simplists   Over SImplifies Reality Lp
638,Loop LF   Drifting Forwards
639,ArtSaves   Home Is Where the Hatred Is
640,Cop Envy   Total End 
641,Abu AMA   INTERNATiONAL ROKKAZ
642,downstairs J   basement  etc
643,Sindrome   LAURA
644,Iris   The Green Domain
645,Dj Psychiatre   Never Complain 
646, Gesloten Cirkel   Gesloten Cirkel
647,James Blake   If The Car Beside You Moves Ahead
648,Squito Babe   Palombaro 
649,RSD Corner Dub    Pretty Bright Light 
650,Minor Science   Whities 008  
651, Dj Jubilee   Eternal Dark 
652,Only Now   Only Now Presents  Indian Unclassical Vol. 1
