,title,path,style
0,SPIRINET   ENERGY FORMULA  KHT007,SPIRINET - ENERGY FORMULA -KHT007,House
1,Babe Roots  Kojo Neatness   Be Still   Rawness,Babe Roots feat Kojo Neatness - Be Still - Rawness,Dub
1,Babe Roots  Kojo Neatness   Be Still   Rawness,Babe Roots feat Kojo Neatness - Be Still - Rawness,Dub Techno
1,Babe Roots  Kojo Neatness   Be Still   Rawness,Babe Roots feat Kojo Neatness - Be Still - Rawness,Dubstep
3,Jay Glass Dubs   Epitaph,Jay Glass Dubs - Epitaph,Dub
3,Jay Glass Dubs   Epitaph,Jay Glass Dubs - Epitaph,Dancehall
3,Jay Glass Dubs   Epitaph,Jay Glass Dubs - Epitaph,Experimental
3,Jay Glass Dubs   Epitaph,Jay Glass Dubs - Epitaph,Industrial
3,Jay Glass Dubs   Epitaph,Jay Glass Dubs - Epitaph,Trip Hop
3,Jay Glass Dubs   Epitaph,Jay Glass Dubs - Epitaph,Leftfield
5,Pearson Sound X Clara!   Mi Cuerpo,Pearson Sound X Clara! - Mi Cuerpo,Reggaeton
5,Pearson Sound X Clara!   Mi Cuerpo,Pearson Sound X Clara! - Mi Cuerpo,House
5,Pearson Sound X Clara!   Mi Cuerpo,Pearson Sound X Clara! - Mi Cuerpo,Dubstep
6,DJ Seinfeld   Time Spent Away From U,DJ Seinfeld - Time Spent Away From U,House
8,Various Artists   Pho Beat Bazar Vol. 1,Various Artists - Pho Beat Bazar Vol. 1,Downtempo
8,Various Artists   Pho Beat Bazar Vol. 1,Various Artists - Pho Beat Bazar Vol. 1,Tribal
9,Mala   Miracles   New Life ,Mala - Miracles - New Life (Baby Paris),Dubstep
9,Mala   Miracles   New Life ,Mala - Miracles - New Life (Baby Paris),Dub
10,Kinlaw   Franco Franco   Mezzi Umani Mezze Macchine,Kinlaw & Franco Franco - Mezzi Umani Mezze Macchine,Trap
10,Kinlaw   Franco Franco   Mezzi Umani Mezze Macchine,Kinlaw & Franco Franco - Mezzi Umani Mezze Macchine,Industrial
10,Kinlaw   Franco Franco   Mezzi Umani Mezze Macchine,Kinlaw & Franco Franco - Mezzi Umani Mezze Macchine,Post-Punk
12,Motion Ward   Perpetual,Motion Ward - Perpetual.mp3,Soul
12,Motion Ward   Perpetual,Motion Ward - Perpetual.mp3,Rhythm & Blues
12,Motion Ward   Perpetual,Motion Ward - Perpetual.mp3,Garage Rock
13,Anunaku   DJ Plead   032,Anunaku & DJ Plead - 032,Breakbeat
13,Anunaku   DJ Plead   032,Anunaku & DJ Plead - 032,Tribal
13,Anunaku   DJ Plead   032,Anunaku & DJ Plead - 032,Techno
14,Wedding Acid Group   Easid Bits EP,Wedding Acid Group - Easid Bits EP,Acid
14,Wedding Acid Group   Easid Bits EP,Wedding Acid Group - Easid Bits EP,IDM
14,Wedding Acid Group   Easid Bits EP,Wedding Acid Group - Easid Bits EP,Techno
15,JOSI DEVIL   JDS WOURLD  002,JOSI DEVIL - JD'S WOURLD- 002,Dubstep
16, OH91   Skanks EP ,[WPR008] OH91 - Skanks EP (2016),Grime
16, OH91   Skanks EP ,[WPR008] OH91 - Skanks EP (2016),UK Garage
17,Kahn   Illy,Kahn - Illy,Dubstep
19,Tzusing   東方不敗,Tzusing - 東方不敗,Techno
19,Tzusing   東方不敗,Tzusing - 東方不敗,EBM
20,Adriano Cava   Transient,Adriano Cava - Transient,Abstract
21,Beau Wanzer   Untitled,Beau Wanzer - Untitled,Electro
21,Beau Wanzer   Untitled,Beau Wanzer - Untitled,Industrial
21,Beau Wanzer   Untitled,Beau Wanzer - Untitled,Leftfield
22,MEDI64 Kahn   Dread   Late Night Blues,MEDI64 Kahn - Dread & Late Night Blues,Dubstep
23,SPORTS 3,SPORTS 3,Pop Rock
24,OL   Dismeteo,OL - Dismeteo,Dub
24,OL   Dismeteo,OL - Dismeteo,Ambient
24,OL   Dismeteo,OL - Dismeteo,Leftfield
24,OL   Dismeteo,OL - Dismeteo,Techno
25,Killing Sound   Pass This Version On,Killing Sound - Pass This Version On,Trip Hop
27,YOKEL   Smell of Deer,YOKEL - Smell of Deer,Abstract
28,XXIII   XXIII   VOLUME 7,XXIII - XXIII - VOLUME 7,Renaissance
29,Walton   Abyss EP,Walton - Abyss EP,Grime
29,Walton   Abyss EP,Walton - Abyss EP,Techno
29,Walton   Abyss EP,Walton - Abyss EP,Dubstep
30,No Vacancy   No Vacancy,No Vacancy - No Vacancy,Disco
30,No Vacancy   No Vacancy,No Vacancy - No Vacancy,House
31,ONO   Red Summer,ONO - Red Summer,Gospel
31,ONO   Red Summer,ONO - Red Summer,Industrial
31,ONO   Red Summer,ONO - Red Summer,Noise
32,UVB76 027,UVB76-027,Drum n Bass
32,UVB76 027,UVB76-027,Techno
32,UVB76 027,UVB76-027,Halftime
33,Hotline Recordings   Ishan Sound   A Wa Yu Want,Hotline Recordings - Ishan Sound - A Wa Yu Want,Dubstep
33,Hotline Recordings   Ishan Sound   A Wa Yu Want,Hotline Recordings - Ishan Sound - A Wa Yu Want,Grime
33,Hotline Recordings   Ishan Sound   A Wa Yu Want,Hotline Recordings - Ishan Sound - A Wa Yu Want,Ragga
33,Hotline Recordings   Ishan Sound   A Wa Yu Want,Hotline Recordings - Ishan Sound - A Wa Yu Want,Dancehall
34,Low Jack   Jingles du Lieu dit,Low Jack - Jingles du Lieu-dit,Dancehall
34,Low Jack   Jingles du Lieu dit,Low Jack - Jingles du Lieu-dit,Industrial
34,Low Jack   Jingles du Lieu dit,Low Jack - Jingles du Lieu-dit,Breakbeat
37,Ruff Hysteria,Ruff Hysteria,House
38,Batu   Batu   Numen   Cazz,Batu - Batu - Numen - Cazz,Techno
39,Beneath   Beneath   Seeus   Ovaride,Beneath - Beneath - Seeus - Ovaride,Tribal
39,Beneath   Beneath   Seeus   Ovaride,Beneath - Beneath - Seeus - Ovaride,Techno
40,Secret Rave   01,Secret Rave - 01,Techno
40,Secret Rave   01,Secret Rave - 01,Breaks
40,Secret Rave   01,Secret Rave - 01,Hardcore
42,Loefah   Horror Show,Loefah - Horror Show.mp3,Dubstep
43,Notte Infinita   I Lost All My Data,Notte Infinita - I Lost All My Data,Techno
43,Notte Infinita   I Lost All My Data,Notte Infinita - I Lost All My Data,Dubstep
44,Reflex Blue   Gotham EP,Reflex Blue - Gotham EP,House
44,Reflex Blue   Gotham EP,Reflex Blue - Gotham EP,Progressive House
44,Reflex Blue   Gotham EP,Reflex Blue - Gotham EP,Bass Music
46,Borai   Borai   Anybody From London EP,Borai - Borai - Anybody From London EP,Breakbeat
46,Borai   Borai   Anybody From London EP,Borai - Borai - Anybody From London EP,Jungle
46,Borai   Borai   Anybody From London EP,Borai - Borai - Anybody From London EP,Techno
50,Pendant   Make Me Know You Sweet ,Pendant - Make Me Know You Sweet (OUEST099),Ambient
50,Pendant   Make Me Know You Sweet ,Pendant - Make Me Know You Sweet (OUEST099),Experimental
51,Commodo   Commodo   F ck Mountain   Good Grief,Commodo - Commodo - F_ck Mountain - Good Grief,Dubstep
52,Ancient Plastix   S T,Ancient Plastix - S-T,Ambient
52,Ancient Plastix   S T,Ancient Plastix - S-T,New Age
52,Ancient Plastix   S T,Ancient Plastix - S-T,Experimental
52,Ancient Plastix   S T,Ancient Plastix - S-T,IDM
54,Joe   Get Centred,Joe - Get Centred,Techno
55,Lurka   Stush   Wrapped Up,Lurka - Stush - Wrapped Up,Grime
55,Lurka   Stush   Wrapped Up,Lurka - Stush - Wrapped Up,Techno
56,James Shinra   Meteor EP,James Shinra - Meteor EP,Acid
56,James Shinra   Meteor EP,James Shinra - Meteor EP,Electro
56,James Shinra   Meteor EP,James Shinra - Meteor EP,IDM
57,Hi5Ghost   Hi5Ghost   No Sleep   Peder Mannerfelt Remix,Hi5Ghost - Hi5Ghost - No Sleep - Peder Mannerfelt Remix,Grime
58,Hodge   Hodge   Mind Games   Flashback,Hodge - Hodge - Mind Games - Flashback,Techno
59,Secret Rave   SECRET RAVE 01,Secret Rave - SECRET RAVE 01,Techno
59,Secret Rave   SECRET RAVE 01,Secret Rave - SECRET RAVE 01,Breaks
59,Secret Rave   SECRET RAVE 01,Secret Rave - SECRET RAVE 01,Hardcore
60,Lurka   Clean,Lurka - Clean.mp3,Techno
60,Lurka   Clean,Lurka - Clean.mp3,House
60,Lurka   Clean,Lurka - Clean.mp3,Downtempo
62,Caucenus   REZAS,Caucenus - REZAS,Experimental
63,Group Zero   Everyone’s Already Come Apart,Group Zero - Everyone’s Already Come Apart,Downtempo
63,Group Zero   Everyone’s Already Come Apart,Group Zero - Everyone’s Already Come Apart,Experimental
63,Group Zero   Everyone’s Already Come Apart,Group Zero - Everyone’s Already Come Apart,House
63,Group Zero   Everyone’s Already Come Apart,Group Zero - Everyone’s Already Come Apart,Leftfield
63,Group Zero   Everyone’s Already Come Apart,Group Zero - Everyone’s Already Come Apart,Ambient
64,XXIII   XXIII   VOLUME 8,XXIII - XXIII - VOLUME 8,Prog Rock
64,XXIII   XXIII   VOLUME 8,XXIII - XXIII - VOLUME 8,Art Rock
64,XXIII   XXIII   VOLUME 8,XXIII - XXIII - VOLUME 8,Classic Rock
65,Lurka   Rhythm Hi Tek,Lurka - Rhythm Hi-Tek,Grime
65,Lurka   Rhythm Hi Tek,Lurka - Rhythm Hi-Tek,Hard Techno
65,Lurka   Rhythm Hi Tek,Lurka - Rhythm Hi-Tek,Bass Music
65,Lurka   Rhythm Hi Tek,Lurka - Rhythm Hi-Tek,Deconstructed Club
65,Lurka   Rhythm Hi Tek,Lurka - Rhythm Hi-Tek,Abstract
65,Lurka   Rhythm Hi Tek,Lurka - Rhythm Hi-Tek,Bleep
65,Lurka   Rhythm Hi Tek,Lurka - Rhythm Hi-Tek,Dubstep
65,Lurka   Rhythm Hi Tek,Lurka - Rhythm Hi-Tek,Dancehall
65,Lurka   Rhythm Hi Tek,Lurka - Rhythm Hi-Tek,Bassline
66,Hotline Recordings   G36   No Escape   Black Mass,Hotline Recordings - G36 - No Escape - Black Mass,Dubstep
66,Hotline Recordings   G36   No Escape   Black Mass,Hotline Recordings - G36 - No Escape - Black Mass,Dub
66,Hotline Recordings   G36   No Escape   Black Mass,Hotline Recordings - G36 - No Escape - Black Mass,Industrial
67,Kahn   Neek   Kahn   Neek   Backchat   Dubchat,Kahn & Neek - Kahn & Neek - Backchat - Dubchat,Grime
67,Kahn   Neek   Kahn   Neek   Backchat   Dubchat,Kahn & Neek - Kahn & Neek - Backchat - Dubchat,Ghetto
67,Kahn   Neek   Kahn   Neek   Backchat   Dubchat,Kahn & Neek - Kahn & Neek - Backchat - Dubchat,Dancehall
68,Ats   Slack,Ats - Slack,Electro
69,Parris   2 Vultures EP,Parris - 2 Vultures EP,Dub
69,Parris   2 Vultures EP,Parris - 2 Vultures EP,Techno
70,Bearer   Bone,Bearer - Bone.mp3,Dub
70,Bearer   Bone,Bearer - Bone.mp3,Experimental
71,Alien + B12 Remix   Unreleased 96 00,Alien + B12 Remix - Unreleased 96-00,IDM
71,Alien + B12 Remix   Unreleased 96 00,Alien + B12 Remix - Unreleased 96-00,Ambient
71,Alien + B12 Remix   Unreleased 96 00,Alien + B12 Remix - Unreleased 96-00,Experimental
71,Alien + B12 Remix   Unreleased 96 00,Alien + B12 Remix - Unreleased 96-00,Breaks
72,XXIII   XXIII   VOLUME 6,XXIII - XXIII - VOLUME 6,Renaissance
73,PALEMAN   PLMN001,PALEMAN - PLMN001,Techno
73,PALEMAN   PLMN001,PALEMAN - PLMN001,Bass Music
74,Trev   Of The Sorcerer,Trev - Of The Sorcerer.mp3,Broken Beat
75,Hotline Recordings   Gantz   Tut Tut Situation   Love   Acid,Hotline Recordings - Gantz - Tut Tut Situation - Love & Acid,Experimental
76,The Humble Bee   Light Trespassing,The Humble Bee - Light Trespassing,Electroacoustic
76,The Humble Bee   Light Trespassing,The Humble Bee - Light Trespassing,Abstract
76,The Humble Bee   Light Trespassing,The Humble Bee - Light Trespassing,Ambient
77,XXIII   XXIII   VOLUME 1,XXIII - XXIII - VOLUME 1,Renaissance
78,Dubkasm ft Rider Shafique ,Dubkasm ft Rider Shafique (Egoless remix),Roots Reggae
78,Dubkasm ft Rider Shafique ,Dubkasm ft Rider Shafique (Egoless remix),Dub
79,JoeFarr   Longanimity EP,JoeFarr - Longanimity EP,Techno
79,JoeFarr   Longanimity EP,JoeFarr - Longanimity EP,Broken Beat
80,Revelation Man   Medieval Massage,Revelation Man - Medieval Massage,Disco
81,Tony Boy   Umile  ,Tony Boy - Umile (Deluxe) [Explicit],Trap
82,Ishan Sound   RIder Shafique   Ishan Sound Vs Rider Shafique,Ishan Sound & RIder Shafique - Ishan Sound Vs Rider Shafique,Dub
82,Ishan Sound   RIder Shafique   Ishan Sound Vs Rider Shafique,Ishan Sound & RIder Shafique - Ishan Sound Vs Rider Shafique,Dubstep
83,SSIEGE   Meteora,SSIEGE - Meteora,Ambient
83,SSIEGE   Meteora,SSIEGE - Meteora,Experimental
83,SSIEGE   Meteora,SSIEGE - Meteora,IDM
83,SSIEGE   Meteora,SSIEGE - Meteora,Leftfield
83,SSIEGE   Meteora,SSIEGE - Meteora,Synth-pop
85,Data Assault   ND006   Black Earth EP,Data Assault - ND006 - Black Earth EP,Electro
86,Audrey   Spanka Clawz,Audrey - Spanka Clawz.mp3,Acid
86,Audrey   Spanka Clawz,Audrey - Spanka Clawz.mp3,Electro
86,Audrey   Spanka Clawz,Audrey - Spanka Clawz.mp3,Breaks
86,Audrey   Spanka Clawz,Audrey - Spanka Clawz.mp3,Techno
87,Mr.K   Red Handed,Mr.K - Red Handed,Dubstep
88,slowthai   Runt,slowthai - Runt,Grime
89,Dave Saved   Power and Silence  Deindustrialization,Dave Saved - Power and Silence- Deindustrialization,Experimental
90,keysound recordings   Strings Hoe ,keysound recordings - Strings Hoe (Wen refix),Grime
90,keysound recordings   Strings Hoe ,keysound recordings - Strings Hoe (Wen refix),Tribal House
91,Via Maris   Lekky   Hiblrr,Via Maris - Lekky - Hiblrr,Techno
91,Via Maris   Lekky   Hiblrr,Via Maris - Lekky - Hiblrr,Ambient
92,Ploy   Iron Lungs,Ploy - Iron Lungs,Techno
92,Ploy   Iron Lungs,Ploy - Iron Lungs,Tribal
92,Ploy   Iron Lungs,Ploy - Iron Lungs,Bassline
93,Marco Shuttle   Cobalt Desert Oasis,Marco Shuttle - Cobalt Desert Oasis,Ambient
93,Marco Shuttle   Cobalt Desert Oasis,Marco Shuttle - Cobalt Desert Oasis,Techno
93,Marco Shuttle   Cobalt Desert Oasis,Marco Shuttle - Cobalt Desert Oasis,Experimental
94,EP 64   NLV001  EP 64   #45 ,EP-64 - NLV001- EP-64 - #45 (Live From Noods Bank Holiday Fun Day),Experimental
95,Farsight   Leg Shake,Farsight - Leg Shake.mp3,Tribal
95,Farsight   Leg Shake,Farsight - Leg Shake.mp3,Breaks
95,Farsight   Leg Shake,Farsight - Leg Shake.mp3,Techno
96,memotone   Memotone LP,memotone - Memotone LP,Ambient
96,memotone   Memotone LP,memotone - Memotone LP,Drone
97,Rainforest Spiritual Enslavement   Green Graves,Rainforest Spiritual Enslavement - Green Graves,Industrial
97,Rainforest Spiritual Enslavement   Green Graves,Rainforest Spiritual Enslavement - Green Graves,Dark Ambient
97,Rainforest Spiritual Enslavement   Green Graves,Rainforest Spiritual Enslavement - Green Graves,Noise
97,Rainforest Spiritual Enslavement   Green Graves,Rainforest Spiritual Enslavement - Green Graves,Abstract
97,Rainforest Spiritual Enslavement   Green Graves,Rainforest Spiritual Enslavement - Green Graves,Field Recording
99,Lurka   Full Clip   BR Greaze,Lurka - Full Clip - BR Greaze,Bass Music
99,Lurka   Full Clip   BR Greaze,Lurka - Full Clip - BR Greaze,Dubstep
99,Lurka   Full Clip   BR Greaze,Lurka - Full Clip - BR Greaze,Dancehall
99,Lurka   Full Clip   BR Greaze,Lurka - Full Clip - BR Greaze,Halftime
100,Agrippa   Mygraine Urgraine   Harbour Run,Agrippa - Mygraine Urgraine - Harbour Run,Grime
100,Agrippa   Mygraine Urgraine   Harbour Run,Agrippa - Mygraine Urgraine - Harbour Run,Leftfield
100,Agrippa   Mygraine Urgraine   Harbour Run,Agrippa - Mygraine Urgraine - Harbour Run,Techno
101,XXIII   XXIII   150,XXIII - XXIII - 150,Alternative Rock
101,XXIII   XXIII   150,XXIII - XXIII - 150,Psychedelic Rock
101,XXIII   XXIII   150,XXIII - XXIII - 150,Lo-Fi
101,XXIII   XXIII   150,XXIII - XXIII - 150,Experimental
101,XXIII   XXIII   150,XXIII - XXIII - 150,Trip Hop
102,Yak   Umbra   Kaepora,Yak - Umbra - Kaepora,Dubstep
103,Chris Moss Acid   Lill Chill,Chris Moss Acid - Lill Chill,Acid
103,Chris Moss Acid   Lill Chill,Chris Moss Acid - Lill Chill,Breaks
103,Chris Moss Acid   Lill Chill,Chris Moss Acid - Lill Chill,Techno
103,Chris Moss Acid   Lill Chill,Chris Moss Acid - Lill Chill,House
104,Lurka   Ritual Dingers   Choke,Lurka - Ritual Dingers - Choke,Dubstep
104,Lurka   Ritual Dingers   Choke,Lurka - Ritual Dingers - Choke,Electro
104,Lurka   Ritual Dingers   Choke,Lurka - Ritual Dingers - Choke,Techno
105,Two Shell   Access,Two Shell - Access,Techno
106,Bad Tracking   Widower EP,Bad Tracking - Widower EP,Industrial
106,Bad Tracking   Widower EP,Bad Tracking - Widower EP,Experimental
106,Bad Tracking   Widower EP,Bad Tracking - Widower EP,Noise
106,Bad Tracking   Widower EP,Bad Tracking - Widower EP,Dub
106,Bad Tracking   Widower EP,Bad Tracking - Widower EP,Power Electronics
106,Bad Tracking   Widower EP,Bad Tracking - Widower EP,Rhythmic Noise
107,Randomer   Hodge   Second Freeze   Simple As,Randomer & Hodge - Second Freeze - Simple As,Techno
107,Randomer   Hodge   Second Freeze   Simple As,Randomer & Hodge - Second Freeze - Simple As,Tribal
108,Keepsakes   Ever So Merry LP,Keepsakes - Ever So Merry LP,Techno
109,Aldrich   Ravaged Minds,Aldrich - Ravaged Minds,Ambient
109,Aldrich   Ravaged Minds,Aldrich - Ravaged Minds,Breaks
109,Aldrich   Ravaged Minds,Aldrich - Ravaged Minds,Downtempo
110,Front de Cadeaux   SUPREME RALLENTATO VOLUME 4,Front de Cadeaux - SUPREME RALLENTATO VOLUME 4,House
110,Front de Cadeaux   SUPREME RALLENTATO VOLUME 4,Front de Cadeaux - SUPREME RALLENTATO VOLUME 4,Tech House
110,Front de Cadeaux   SUPREME RALLENTATO VOLUME 4,Front de Cadeaux - SUPREME RALLENTATO VOLUME 4,Dub
111,Pessimist   Holsten   The Riot Tune,Pessimist & Holsten - The Riot Tune,Drum n Bass
111,Pessimist   Holsten   The Riot Tune,Pessimist & Holsten - The Riot Tune,Techno
112,Rachael   Rachael   Okada,Rachael - Rachael - Okada,Grime
112,Rachael   Rachael   Okada,Rachael - Rachael - Okada,House
112,Rachael   Rachael   Okada,Rachael - Rachael - Okada,Jungle
113,Sam Binga  Marcus Visionary   Sam Binga   Marcus Visionary   Doubles EP,Sam Binga- Marcus Visionary - Sam Binga & Marcus Visionary - Doubles EP,UK Funky
114,Susobrino   LA HOJA DE EUCALIPTO,Susobrino - LA HOJA DE EUCALIPTO,Downtempo
114,Susobrino   LA HOJA DE EUCALIPTO,Susobrino - LA HOJA DE EUCALIPTO,Experimental
114,Susobrino   LA HOJA DE EUCALIPTO,Susobrino - LA HOJA DE EUCALIPTO,Juke
115,SPIRINET   MY KISS,SPIRINET - MY KISS,Experimental
116,DJ NIGGA FOX   O Meu Estilo EP,DJ NIGGA FOX - O Meu Estilo EP,House
116,DJ NIGGA FOX   O Meu Estilo EP,DJ NIGGA FOX - O Meu Estilo EP,African
116,DJ NIGGA FOX   O Meu Estilo EP,DJ NIGGA FOX - O Meu Estilo EP,Kuduro
117,Various Artists   Music For Balconies 1,Various Artists - Music For Balconies 1,Indie Rock
118,Henry Greenleaf   Rush EP,Henry Greenleaf - Rush EP,Electro
118,Henry Greenleaf   Rush EP,Henry Greenleaf - Rush EP,Bassline
119,FLmm   Verluste EP,FLmm - Verluste EP,Industrial
119,FLmm   Verluste EP,FLmm - Verluste EP,Techno
120,Yabby You   King Tubby   Walls of Jerusalem,Yabby You & King Tubby - Walls of Jerusalem,Roots Reggae
120,Yabby You   King Tubby   Walls of Jerusalem,Yabby You & King Tubby - Walls of Jerusalem,Dub
121,Ssiege   Beautiful Age,Ssiege - Beautiful Age,Ambient
122,Somah Dark Arts,Somah-Dark_Arts,Dubstep
123,Strange Audio Dreams   Error Design,Strange Audio Dreams - Error Design,Breaks
123,Strange Audio Dreams   Error Design,Strange Audio Dreams - Error Design,Ambient
123,Strange Audio Dreams   Error Design,Strange Audio Dreams - Error Design,Techno
124,memotone   SHIRO,memotone - SHIRO,Ambient
124,memotone   SHIRO,memotone - SHIRO,Drone
124,memotone   SHIRO,memotone - SHIRO,Classical
125,Clouds   EDLX.046 Timeslip Roadmender EP,Clouds - EDLX.046 Timeslip Roadmender EP,Techno
126,Dj Normal 4   Vivid,Dj Normal 4 - Vivid,Breakbeat
126,Dj Normal 4   Vivid,Dj Normal 4 - Vivid,House
126,Dj Normal 4   Vivid,Dj Normal 4 - Vivid,Electro
127,Thomas P Heckmann   Acid Seduction 2,Thomas P Heckmann - Acid_Seduction 2,Acid
127,Thomas P Heckmann   Acid Seduction 2,Thomas P Heckmann - Acid_Seduction 2,Acid House
128,Matteo Coffetti   HypnotechoO,Matteo Coffetti - Hypnotecho'O,Techno
128,Matteo Coffetti   HypnotechoO,Matteo Coffetti - Hypnotecho'O,Downtempo
128,Matteo Coffetti   HypnotechoO,Matteo Coffetti - Hypnotecho'O,Tribal
128,Matteo Coffetti   HypnotechoO,Matteo Coffetti - Hypnotecho'O,House
129,Kowton   Utility,Kowton - Utility,Techno
130,Pearson Sound   Pearls,Pearson Sound - Pearls.mp3,Blues Rock
130,Pearson Sound   Pearls,Pearson Sound - Pearls.mp3,Classic Rock
130,Pearson Sound   Pearls,Pearson Sound - Pearls.mp3,Psychedelic Rock
131,Warehouse Rave   Soul Mass Transit System   Dont Hold Back EP,Warehouse Rave - Soul Mass Transit System - Don't Hold Back EP,UK Garage
131,Warehouse Rave   Soul Mass Transit System   Dont Hold Back EP,Warehouse Rave - Soul Mass Transit System - Don't Hold Back EP,Speed Garage
131,Warehouse Rave   Soul Mass Transit System   Dont Hold Back EP,Warehouse Rave - Soul Mass Transit System - Don't Hold Back EP,Bassline
134,Berceuse Heroique   BH 071 Duckett   Emperors New Clothes Part Two,Berceuse Heroique - BH 071 Duckett - Emperor's New Clothes Part Two,Abstract
134,Berceuse Heroique   BH 071 Duckett   Emperors New Clothes Part Two,Berceuse Heroique - BH 071 Duckett - Emperor's New Clothes Part Two,Experimental
136,Loefah   midnight,Loefah - midnight.mp3,Dubstep
137,Loefah   Root,Loefah - Root.mp3,Dubstep
138,John T. Gast   5GTOUR,John T. Gast - 5GTOUR,Dub
138,John T. Gast   5GTOUR,John T. Gast - 5GTOUR,Techno
138,John T. Gast   5GTOUR,John T. Gast - 5GTOUR,Experimental
138,John T. Gast   5GTOUR,John T. Gast - 5GTOUR,Grime
140,Devi Tensione   Tanto Tempo,Devi Tensione - Tanto Tempo,Hyperpop
140,Devi Tensione   Tanto Tempo,Devi Tensione - Tanto Tempo,Leftfield
141,Batu   SYX,Batu - SYX.mp3,Techno
141,Batu   SYX,Batu - SYX.mp3,Dubstep
142,Radial   Inverso Mundi EP,Radial - Inverso Mundi EP,Techno
143,Parris   Burr   Blue,Parris - Burr - Blue,Techno
144,Big Hands   Lakamha,Big Hands - Lakamha,Illbient
144,Big Hands   Lakamha,Big Hands - Lakamha,Leftfield
144,Big Hands   Lakamha,Big Hands - Lakamha,Techno
145,Pangaea   Wont Hurt,Pangaea - Won't Hurt.mp3,Bass Music
145,Pangaea   Wont Hurt,Pangaea - Won't Hurt.mp3,Dubstep
147,Senyawa   Menuju Muara ,Senyawa - Menuju Muara (fatalism Remix).mp3,Abstract
148,For Those of You Who Have Never ,For Those of You Who Have Never (And Also Those Who Have),Ambient
148,For Those of You Who Have Never ,For Those of You Who Have Never (And Also Those Who Have),Experimental
150, Cybonix   Make This Party Live ,[CX 016] Cybonix - Make This Party Live [2004-WEB-FLAC],Electro
151,JoeFarr   Spectate EP,JoeFarr - Spectate EP,Techno
152,Young Druid   YOUNG DRUID,Young Druid - YOUNG DRUID,Instrumental
152,Young Druid   YOUNG DRUID,Young Druid - YOUNG DRUID,Pipe & Drum
153,01   Frankie Goes To Hollywood   Welcome To The Pleasuredome,01 - Frankie Goes To Hollywood - Welcome To The Pleasuredome.mp3,Pop Rock
153,01   Frankie Goes To Hollywood   Welcome To The Pleasuredome,01 - Frankie Goes To Hollywood - Welcome To The Pleasuredome.mp3,Synth-pop
153,01   Frankie Goes To Hollywood   Welcome To The Pleasuredome,01 - Frankie Goes To Hollywood - Welcome To The Pleasuredome.mp3,Ballad
154,dj haram   BODY COUNT,dj haram - BODY COUNT.mp3,Footwork
154,dj haram   BODY COUNT,dj haram - BODY COUNT.mp3,Grime
154,dj haram   BODY COUNT,dj haram - BODY COUNT.mp3,Jersey Club
155,Walton   Taiko,Walton - Taiko,Techno
155,Walton   Taiko,Walton - Taiko,Grime
155,Walton   Taiko,Walton - Taiko,UK Garage
156,Donato Dozzy   Cassandra ,Donato Dozzy - Cassandra [Claque Musique],Deep Techno
156,Donato Dozzy   Cassandra ,Donato Dozzy - Cassandra [Claque Musique],Ambient
156,Donato Dozzy   Cassandra ,Donato Dozzy - Cassandra [Claque Musique],Drone
158,Raccordo Fluviale Subalpino   Raccordo Fluviale Subalpino,Raccordo Fluviale Subalpino - Raccordo Fluviale Subalpino,Acid
158,Raccordo Fluviale Subalpino   Raccordo Fluviale Subalpino,Raccordo Fluviale Subalpino - Raccordo Fluviale Subalpino,Leftfield
158,Raccordo Fluviale Subalpino   Raccordo Fluviale Subalpino,Raccordo Fluviale Subalpino - Raccordo Fluviale Subalpino,Abstract
158,Raccordo Fluviale Subalpino   Raccordo Fluviale Subalpino,Raccordo Fluviale Subalpino - Raccordo Fluviale Subalpino,Ambient
161,Weird Weather   Succulents EP,Weird Weather - Succulents EP,Industrial
161,Weird Weather   Succulents EP,Weird Weather - Succulents EP,Dub
161,Weird Weather   Succulents EP,Weird Weather - Succulents EP,Experimental
161,Weird Weather   Succulents EP,Weird Weather - Succulents EP,Leftfield
162,Conrad Pack   Receptor,Conrad Pack - Receptor,Dub
162,Conrad Pack   Receptor,Conrad Pack - Receptor,Techno
163,Mars89   Throbbing Pain,Mars89 - Throbbing Pain.mp3,Industrial
163,Mars89   Throbbing Pain,Mars89 - Throbbing Pain.mp3,Dub
164,Heith   Laguna,Heith - Laguna,Experimental
164,Heith   Laguna,Heith - Laguna,Gamelan
164,Heith   Laguna,Heith - Laguna,Ambient
165,Locked Club   Svoboda EP,Locked Club - Svoboda EP,Electro
165,Locked Club   Svoboda EP,Locked Club - Svoboda EP,Techno
166,A$AP Rocky   Cozy Tapes Vol. 1   Friends,A$AP Rocky - Cozy Tapes Vol. 1 - Friends,Hip Hop
167,Thomas P Heckmann   Acid Seduction,Thomas P Heckmann - Acid_Seduction,Acid
167,Thomas P Heckmann   Acid Seduction,Thomas P Heckmann - Acid_Seduction,Techno
168,V A   SECRET RAVE 03,V-A - SECRET RAVE 03,Hard Trance
168,V A   SECRET RAVE 03,V-A - SECRET RAVE 03,Trance
168,V A   SECRET RAVE 03,V-A - SECRET RAVE 03,Techno
168,V A   SECRET RAVE 03,V-A - SECRET RAVE 03,Acid
169,Filter Dread   Ice Rave,Filter Dread - Ice Rave,Experimental
169,Filter Dread   Ice Rave,Filter Dread - Ice Rave,Grime
169,Filter Dread   Ice Rave,Filter Dread - Ice Rave,Breakbeat
170,Planet Lonely ,Planet Lonely (2018),Ambient
170,Planet Lonely ,Planet Lonely (2018),Leftfield
170,Planet Lonely ,Planet Lonely (2018),Downtempo
171,Piezo   LSD Superhero,Piezo - LSD Superhero,Techno
172,Dawl   Ultimate Damage,Dawl - Ultimate Damage,Breaks
172,Dawl   Ultimate Damage,Dawl - Ultimate Damage,Electro
172,Dawl   Ultimate Damage,Dawl - Ultimate Damage,Bleep
173,Pugilist   Blue 06,Pugilist - Blue 06,Breaks
173,Pugilist   Blue 06,Pugilist - Blue 06,Bass Music
174,O. G. JIGG   Dominion Window,O. G. JIGG - Dominion Window,
175,Sputnik One   Warm Body EP,Sputnik One - Warm_Body_EP,Techno
176,Al Wootton   Every Knee Shall Bow ,Al Wootton - Every Knee Shall Bow ,Dub
176,Al Wootton   Every Knee Shall Bow ,Al Wootton - Every Knee Shall Bow ,Dub Techno
177,V A   SECRET RAVE 04,V-A - SECRET RAVE 04,Hard Trance
177,V A   SECRET RAVE 04,V-A - SECRET RAVE 04,Trance
177,V A   SECRET RAVE 04,V-A - SECRET RAVE 04,Techno
177,V A   SECRET RAVE 04,V-A - SECRET RAVE 04,Acid
178,nthng   Are You Here,nthng - Are You Here,Techno
178,nthng   Are You Here,nthng - Are You Here,Electro
179,I HATE MODELS   PERSEPHONE,I HATE MODELS - PERSEPHONE.mp3,Techno
180,Autumns   Dyslexia Sound System,Autumns - Dyslexia Sound System,Dub
180,Autumns   Dyslexia Sound System,Autumns - Dyslexia Sound System,Post-Punk
180,Autumns   Dyslexia Sound System,Autumns - Dyslexia Sound System,Coldwave
180,Autumns   Dyslexia Sound System,Autumns - Dyslexia Sound System,Techno
180,Autumns   Dyslexia Sound System,Autumns - Dyslexia Sound System,Experimental
181,RG   Observer,RG - Observer,Ambient
181,RG   Observer,RG - Observer,Dub
181,RG   Observer,RG - Observer,Dub Techno
181,RG   Observer,RG - Observer,Experimental
181,RG   Observer,RG - Observer,Field Recording
182,Steve Summers   Generation Loss ,"Steve Summers - Generation Loss [2021, L.I.E.S.]",House
182,Steve Summers   Generation Loss ,"Steve Summers - Generation Loss [2021, L.I.E.S.]",Techno
182,Steve Summers   Generation Loss ,"Steve Summers - Generation Loss [2021, L.I.E.S.]",Acid
182,Steve Summers   Generation Loss ,"Steve Summers - Generation Loss [2021, L.I.E.S.]",Experimental
184,Gombeen   Doygen   DAmericana   Auto Lies,Gombeen & Doygen - D'Americana - Auto-Lies,Dub Techno
184,Gombeen   Doygen   DAmericana   Auto Lies,Gombeen & Doygen - D'Americana - Auto-Lies,Abstract
185,DK Riding for a Fall,DK-Riding_for_a_Fall,House
186,Samba Kings EP,Samba-Kings-EP,Dubstep
188, Textasy   Nasty King Kurl   Bombers,[777_18] Textasy & Nasty King Kurl - Bombers,Techno
188, Textasy   Nasty King Kurl   Bombers,[777_18] Textasy & Nasty King Kurl - Bombers,Electro
188, Textasy   Nasty King Kurl   Bombers,[777_18] Textasy & Nasty King Kurl - Bombers,Acid
189, Salamandos   The World To Come ,[BUNKER 3076] Salamandos - The World To Come [2007],Acid House
189, Salamandos   The World To Come ,[BUNKER 3076] Salamandos - The World To Come [2007],Electro
190,Lamont   Cut It Back EP,Lamont - Cut It Back EP,Dubstep
190,Lamont   Cut It Back EP,Lamont - Cut It Back EP,Bass Music
191,Loefah   Mud,Loefah - Mud.mp3,Dubstep
192,Ulla   Tumbling Towards a Wall,Ulla - Tumbling Towards a Wall,Ambient
193,Reptilian Expo   xperiametaphone,Reptilian Expo - xperiametaphone,Abstract
193,Reptilian Expo   xperiametaphone,Reptilian Expo - xperiametaphone,Leftfield
194,Unknown Artist   W.L.W.A.S.I.O.H. ,Unknown Artist - W.L.W.A.S.I.O.H. (K Lost Acid Dub),Acid
194,Unknown Artist   W.L.W.A.S.I.O.H. ,Unknown Artist - W.L.W.A.S.I.O.H. (K Lost Acid Dub),Acid House
194,Unknown Artist   W.L.W.A.S.I.O.H. ,Unknown Artist - W.L.W.A.S.I.O.H. (K Lost Acid Dub),Electro
195,Pugilist   Negative Space,Pugilist - Negative Space,Breaks
195,Pugilist   Negative Space,Pugilist - Negative Space,Dubstep
195,Pugilist   Negative Space,Pugilist - Negative Space,Techno
196,   Mode For Love E.P. ,[2011] - Mode For Love E.P. [FLAC],House
199,Falhaber   Baptised EP,Falhaber - Baptised EP,Techno
199,Falhaber   Baptised EP,Falhaber - Baptised EP,Industrial
200,Glances   Stay There EP,Glances - Stay There EP,Techno
200,Glances   Stay There EP,Glances - Stay There EP,Leftfield
201,Robert Fleck   Soft focus,Robert Fleck - Soft focus,Broken Beat
201,Robert Fleck   Soft focus,Robert Fleck - Soft focus,Techno
201,Robert Fleck   Soft focus,Robert Fleck - Soft focus,Dub
202,Space Invaders Are Smoking Grass,Space Invaders Are Smoking Grass,Electro
203,V A   SECRET RAVE 05,V-A - SECRET RAVE 05,Hard Trance
203,V A   SECRET RAVE 05,V-A - SECRET RAVE 05,Trance
203,V A   SECRET RAVE 05,V-A - SECRET RAVE 05,Techno
203,V A   SECRET RAVE 05,V-A - SECRET RAVE 05,Acid
204,Ploy   Ramos   Roys Rolls,Ploy - Ramos - Roy's Rolls,Leftfield
204,Ploy   Ramos   Roys Rolls,Ploy - Ramos - Roy's Rolls,Tribal
204,Ploy   Ramos   Roys Rolls,Ploy - Ramos - Roy's Rolls,Techno
206,JONQUERA   Hell Reggaeton,JONQUERA - Hell Reggaeton.mp3,Downtempo
206,JONQUERA   Hell Reggaeton,JONQUERA - Hell Reggaeton.mp3,EBM
206,JONQUERA   Hell Reggaeton,JONQUERA - Hell Reggaeton.mp3,Dub
207,AIR Krew   A Walk Through H,AIR Krew - A Walk Through H,Leftfield
208,Big Hands   Arcane Mosaics,Big Hands - Arcane Mosaics,Grime
208,Big Hands   Arcane Mosaics,Big Hands - Arcane Mosaics,Dub Techno
208,Big Hands   Arcane Mosaics,Big Hands - Arcane Mosaics,Breaks
208,Big Hands   Arcane Mosaics,Big Hands - Arcane Mosaics,Leftfield
210,PEDRO   Damaia 2.0,PEDRO - Damaia 2.0,Bass Music
210,PEDRO   Damaia 2.0,PEDRO - Damaia 2.0,House
211,EDMX   Mind Mechanixx,EDMX - Mind Mechanixx,Electro
211,EDMX   Mind Mechanixx,EDMX - Mind Mechanixx,Techno
211,EDMX   Mind Mechanixx,EDMX - Mind Mechanixx,Industrial
211,EDMX   Mind Mechanixx,EDMX - Mind Mechanixx,Acid
211,EDMX   Mind Mechanixx,EDMX - Mind Mechanixx,Breakbeat
212,Frankie Knuckles   His Greatest Hits From Trax,Frankie Knuckles - His Greatest Hits From Trax,House
213,Jack Roland   Dream Technology,Jack Roland - Dream Technology,Electro
213,Jack Roland   Dream Technology,Jack Roland - Dream Technology,Breakbeat
213,Jack Roland   Dream Technology,Jack Roland - Dream Technology,House
213,Jack Roland   Dream Technology,Jack Roland - Dream Technology,Techno
213,Jack Roland   Dream Technology,Jack Roland - Dream Technology,Acid
214,V A   SECRET RAVE 02,V-A - SECRET RAVE 02,Hard Trance
214,V A   SECRET RAVE 02,V-A - SECRET RAVE 02,Trance
214,V A   SECRET RAVE 02,V-A - SECRET RAVE 02,Techno
214,V A   SECRET RAVE 02,V-A - SECRET RAVE 02,Acid
215,YOUTH   Blazer Sound System   YO6TH,YOUTH - Blazer Sound System - YO6TH,Dub
215,YOUTH   Blazer Sound System   YO6TH,YOUTH - Blazer Sound System - YO6TH,Breakbeat
216,SEBASTIANO CARGHINI   ENXPL02   BLUE,SEBASTIANO CARGHINI - ENXPL02 - BLUE,Abstract
216,SEBASTIANO CARGHINI   ENXPL02   BLUE,SEBASTIANO CARGHINI - ENXPL02 - BLUE,Ambient
216,SEBASTIANO CARGHINI   ENXPL02   BLUE,SEBASTIANO CARGHINI - ENXPL02 - BLUE,Industrial
216,SEBASTIANO CARGHINI   ENXPL02   BLUE,SEBASTIANO CARGHINI - ENXPL02 - BLUE,Dub
217,K LONE   K LONE   Sine Language,K-LONE - K-LONE - Sine Language,Techno
217,K LONE   K LONE   Sine Language,K-LONE - K-LONE - Sine Language,House
217,K LONE   K LONE   Sine Language,K-LONE - K-LONE - Sine Language,Grime
217,K LONE   K LONE   Sine Language,K-LONE - K-LONE - Sine Language,Electro
217,K LONE   K LONE   Sine Language,K-LONE - K-LONE - Sine Language,UK Garage
217,K LONE   K LONE   Sine Language,K-LONE - K-LONE - Sine Language,Broken Beat
218,Marv   Keyboard Suite I,Marv - Keyboard Suite I,Ambient
218,Marv   Keyboard Suite I,Marv - Keyboard Suite I,Illbient
218,Marv   Keyboard Suite I,Marv - Keyboard Suite I,Leftfield
218,Marv   Keyboard Suite I,Marv - Keyboard Suite I,Minimal
218,Marv   Keyboard Suite I,Marv - Keyboard Suite I,New Age
219,Asusu   Hallucinator   Sendak,Asusu - Hallucinator - Sendak,Electro
219,Asusu   Hallucinator   Sendak,Asusu - Hallucinator - Sendak,Experimental
221,Jerico   Run That,Jerico - Run That,Europop
221,Jerico   Run That,Jerico - Run That,Soul
221,Jerico   Run That,Jerico - Run That,Ballad
222,Clara! y Maoupa   Truenos,Clara! y Maoupa - Truenos.mp3,Experimental
222,Clara! y Maoupa   Truenos,Clara! y Maoupa - Truenos.mp3,Reggaeton
223,Various artists   XXIII   VOLUME 4,Various artists - XXIII - VOLUME 4,Hard House
223,Various artists   XXIII   VOLUME 4,Various artists - XXIII - VOLUME 4,Hard Trance
223,Various artists   XXIII   VOLUME 4,Various artists - XXIII - VOLUME 4,House
224,Supreme Rallentato Volume 2,Supreme Rallentato Volume 2,House
224,Supreme Rallentato Volume 2,Supreme Rallentato Volume 2,Tech House
224,Supreme Rallentato Volume 2,Supreme Rallentato Volume 2,Dub
225,Eva808   Oyuki EP,Eva808 - Oyuki EP,Dubstep
225,Eva808   Oyuki EP,Eva808 - Oyuki EP,Grime
226,Klaus   Sabz   Qua  ,Klaus - Sabz - Qua [2021] [EP],Downtempo
226,Klaus   Sabz   Qua  ,Klaus - Sabz - Qua [2021] [EP],Dub
226,Klaus   Sabz   Qua  ,Klaus - Sabz - Qua [2021] [EP],Ambient
227,Comme de Loin,Comme_de_Loin,Ambient
227,Comme de Loin,Comme_de_Loin,Abstract
227,Comme de Loin,Comme_de_Loin,Dark Ambient
227,Comme de Loin,Comme_de_Loin,Deep House
228,Henry Greenleaf   Fold Together EP,Henry Greenleaf - Fold Together EP,Breakbeat
228,Henry Greenleaf   Fold Together EP,Henry Greenleaf - Fold Together EP,UK Garage
228,Henry Greenleaf   Fold Together EP,Henry Greenleaf - Fold Together EP,Techno
230,Paleman   Like O,Paleman - Like O,Dubstep
230,Paleman   Like O,Paleman - Like O,Dark Ambient
230,Paleman   Like O,Paleman - Like O,UK Garage
231,Buttechno   Sport  ,Buttechno - Sport [2015] [Album],Techno
231,Buttechno   Sport  ,Buttechno - Sport [2015] [Album],Experimental
231,Buttechno   Sport  ,Buttechno - Sport [2015] [Album],House
231,Buttechno   Sport  ,Buttechno - Sport [2015] [Album],Leftfield
231,Buttechno   Sport  ,Buttechno - Sport [2015] [Album],Noise
232,DJ Overdose   Emulator Armour,DJ Overdose - Emulator Armour,Acid
232,DJ Overdose   Emulator Armour,DJ Overdose - Emulator Armour,Electro
232,DJ Overdose   Emulator Armour,DJ Overdose - Emulator Armour,Techno
233,Atoloi   CuraVoceScura,Atoloi - CuraVoceScura,Tribal
233,Atoloi   CuraVoceScura,Atoloi - CuraVoceScura,Techno
233,Atoloi   CuraVoceScura,Atoloi - CuraVoceScura,Acid
233,Atoloi   CuraVoceScura,Atoloi - CuraVoceScura,Downtempo
234,Piezo   ANSIA004,Piezo - ANSIA004,Techno
234,Piezo   ANSIA004,Piezo - ANSIA004,Broken Beat
235,Konstruktivits   Glennascaul,Konstruktivits - Glennascaul,Industrial
235,Konstruktivits   Glennascaul,Konstruktivits - Glennascaul,Experimental
236,MEDI82 Commodo   Shift   Instrumental,MEDI82 Commodo - Shift & Instrumental,Grime
236,MEDI82 Commodo   Shift   Instrumental,MEDI82 Commodo - Shift & Instrumental,Dubstep
237,KAHN   SYSTM035   KAHN,KAHN - SYSTM035 - KAHN,Dubstep
238,Buttechno   Badtrip ,Buttechno - Badtrip (TRP027),Techno
238,Buttechno   Badtrip ,Buttechno - Badtrip (TRP027),Industrial
239,Front De Cadeaux Supreme Rallentato Volume 1,Front De Cadeaux Supreme Rallentato Volume 1,House
239,Front De Cadeaux Supreme Rallentato Volume 1,Front De Cadeaux Supreme Rallentato Volume 1,Tech House
239,Front De Cadeaux Supreme Rallentato Volume 1,Front De Cadeaux Supreme Rallentato Volume 1,Dub
240,Stepz Riddim ,Stepz Riddim (2004),Dancehall
242,Sunun + Jiinx   Sunun + Jiinx,Sunun + Jiinx - Sunun + Jiinx,Dub
242,Sunun + Jiinx   Sunun + Jiinx,Sunun + Jiinx - Sunun + Jiinx,Grime
242,Sunun + Jiinx   Sunun + Jiinx,Sunun + Jiinx - Sunun + Jiinx,Experimental
242,Sunun + Jiinx   Sunun + Jiinx,Sunun + Jiinx - Sunun + Jiinx,Ambient
243,Babe Roots   Babe Roots LP,Babe Roots - Babe Roots LP,Dub
243,Babe Roots   Babe Roots LP,Babe Roots - Babe Roots LP,Dub Techno
244,Piezo   Piezo,Piezo - Piezo,Bass Music
245,Anthro   Trigger Happs EP,Anthro - Trigger Happs EP,Industrial
245,Anthro   Trigger Happs EP,Anthro - Trigger Happs EP,Techno
246,VA   Thick As Thieves,VA - Thick As Thieves,Techno
246,VA   Thick As Thieves,VA - Thick As Thieves,Experimental
249,NKC   Hague Basement,NKC - Hague Basement,Techno
249,NKC   Hague Basement,NKC - Hague Basement,Tribal House
250,Abu Ama   AM002,Abu Ama - AM002,Ambient
250,Abu Ama   AM002,Abu Ama - AM002,Experimental
250,Abu Ama   AM002,Abu Ama - AM002,Downtempo
250,Abu Ama   AM002,Abu Ama - AM002,Dub
250,Abu Ama   AM002,Abu Ama - AM002,Field Recording
250,Abu Ama   AM002,Abu Ama - AM002,Dub Techno
252,G Sudden   Bunout Boss EP,G Sudden - Bunout Boss EP,Dancehall
252,G Sudden   Bunout Boss EP,G Sudden - Bunout Boss EP,Bubbling
253,Lamont   Titanic   Eyes Closed,Lamont - Titanic - Eyes Closed,UK Garage
253,Lamont   Titanic   Eyes Closed,Lamont - Titanic - Eyes Closed,Broken Beat
253,Lamont   Titanic   Eyes Closed,Lamont - Titanic - Eyes Closed,Garage House
253,Lamont   Titanic   Eyes Closed,Lamont - Titanic - Eyes Closed,House
253,Lamont   Titanic   Eyes Closed,Lamont - Titanic - Eyes Closed,Techno
254,Wisecrack   Wisecrack,Wisecrack - Wisecrack,Abstract
254,Wisecrack   Wisecrack,Wisecrack - Wisecrack,Experimental
255,DJ APE   DJ OA$IS   Sleng Again   Sleng Again  Again,DJ APE & DJ OA$IS - Sleng Again - Sleng Again- Again,Techno
255,DJ APE   DJ OA$IS   Sleng Again   Sleng Again  Again,DJ APE & DJ OA$IS - Sleng Again - Sleng Again- Again,Dancehall
256,Rainforest Spiritual Enslavement   Flying Fish Ambience,Rainforest Spiritual Enslavement - Flying Fish Ambience,Ambient
256,Rainforest Spiritual Enslavement   Flying Fish Ambience,Rainforest Spiritual Enslavement - Flying Fish Ambience,Tribal
256,Rainforest Spiritual Enslavement   Flying Fish Ambience,Rainforest Spiritual Enslavement - Flying Fish Ambience,Field Recording
257,Sunun   Ooid,Sunun - Ooid,Dub
258, Salamandos   Follow The Messiah ,[BUNKER 3075] Salamandos - Follow The Messiah [2007],Acid House
258, Salamandos   Follow The Messiah ,[BUNKER 3075] Salamandos - Follow The Messiah [2007],Electro
258, Salamandos   Follow The Messiah ,[BUNKER 3075] Salamandos - Follow The Messiah [2007],House
258, Salamandos   Follow The Messiah ,[BUNKER 3075] Salamandos - Follow The Messiah [2007],Techno
259,Threat to Creation,Threat to Creation,Dub
260,Tribe Of Colin   FRUITS OF ZION,Tribe Of Colin - FRUITS OF ZION,Experimental
260,Tribe Of Colin   FRUITS OF ZION,Tribe Of Colin - FRUITS OF ZION,Techno
260,Tribe Of Colin   FRUITS OF ZION,Tribe Of Colin - FRUITS OF ZION,Religious
261,Low Jack   Virgin Traf 22   Grass 29,Low Jack - Virgin Traf 22 - Grass 29,Dancehall
263,Zuli  Rama   NMX003  Zuli   Rama,Zuli- Rama - NMX003- Zuli & Rama,Experimental
263,Zuli  Rama   NMX003  Zuli   Rama,Zuli- Rama - NMX003- Zuli & Rama,Ambient
263,Zuli  Rama   NMX003  Zuli   Rama,Zuli- Rama - NMX003- Zuli & Rama,Industrial
263,Zuli  Rama   NMX003  Zuli   Rama,Zuli- Rama - NMX003- Zuli & Rama,Noise
265,Andy Mac   Ossia   Soup Riddim   Cado   Linguine,Andy Mac & Ossia - Soup Riddim - Cado - Linguine,Dub
265,Andy Mac   Ossia   Soup Riddim   Cado   Linguine,Andy Mac & Ossia - Soup Riddim - Cado - Linguine,Dancehall
265,Andy Mac   Ossia   Soup Riddim   Cado   Linguine,Andy Mac & Ossia - Soup Riddim - Cado - Linguine,House
266,Significant Other   Oblivion  ,Significant Other - Oblivion [2021] [EP],Techno
266,Significant Other   Oblivion  ,Significant Other - Oblivion [2021] [EP],Experimental
266,Significant Other   Oblivion  ,Significant Other - Oblivion [2021] [EP],Ambient
267,Space Drum Meditation   SDM001,Space_Drum_Meditation - SDM001,Deep House
267,Space Drum Meditation   SDM001,Space_Drum_Meditation - SDM001,Techno
267,Space Drum Meditation   SDM001,Space_Drum_Meditation - SDM001,Breakbeat
267,Space Drum Meditation   SDM001,Space_Drum_Meditation - SDM001,Leftfield
268,Various Artists   WINDOW A   WINDOW B,Various Artists - WINDOW A - WINDOW B,Techno
268,Various Artists   WINDOW A   WINDOW B,Various Artists - WINDOW A - WINDOW B,Electro
269,Buttechno   Yalta Ukraine,Buttechno - Yalta_Ukraine,Techno
269,Buttechno   Yalta Ukraine,Buttechno - Yalta_Ukraine,Deep House
269,Buttechno   Yalta Ukraine,Buttechno - Yalta_Ukraine,Deep Techno
269,Buttechno   Yalta Ukraine,Buttechno - Yalta_Ukraine,House
269,Buttechno   Yalta Ukraine,Buttechno - Yalta_Ukraine,Ambient
269,Buttechno   Yalta Ukraine,Buttechno - Yalta_Ukraine,Experimental
269,Buttechno   Yalta Ukraine,Buttechno - Yalta_Ukraine,Downtempo
270,Space Drum Meditation   SDM005,Space_Drum_Meditation - SDM005,Techno
270,Space Drum Meditation   SDM005,Space_Drum_Meditation - SDM005,Tribal
270,Space Drum Meditation   SDM005,Space_Drum_Meditation - SDM005,Experimental
271,Qant Waiting Game EP,Qant-Waiting_Game_EP,Drum n Bass
271,Qant Waiting Game EP,Qant-Waiting_Game_EP,Jungle
272,Gaunt   Shes No Patsy,Gaunt - She's No Patsy.mp3,Techno
272,Gaunt   Shes No Patsy,Gaunt - She's No Patsy.mp3,Leftfield
272,Gaunt   Shes No Patsy,Gaunt - She's No Patsy.mp3,Experimental
273, Skander – Dirge ,[LACR006] Skander – Dirge (2014),Techno
273, Skander – Dirge ,[LACR006] Skander – Dirge (2014),Industrial
274,Marco Shuttle   Ritmo Elegante,Marco Shuttle - Ritmo Elegante,Ambient
274,Marco Shuttle   Ritmo Elegante,Marco Shuttle - Ritmo Elegante,Techno
275,caterina barbieri   Clessidra,caterina barbieri - Clessidra.mp3,Ambient
276,Stones Taro   Digital Vintage EP,Stones Taro - Digital Vintage EP,Breakbeat
276,Stones Taro   Digital Vintage EP,Stones Taro - Digital Vintage EP,Breaks
276,Stones Taro   Digital Vintage EP,Stones Taro - Digital Vintage EP,UK Garage
276,Stones Taro   Digital Vintage EP,Stones Taro - Digital Vintage EP,House
277,O$VMV$M   Soak ,O$VMV$M - Soak (goodnight mix).mp3,Ambient
277,O$VMV$M   Soak ,O$VMV$M - Soak (goodnight mix).mp3,Experimental
277,O$VMV$M   Soak ,O$VMV$M - Soak (goodnight mix).mp3,Instrumental
278,Mikael   Wildfire,Mikael - Wildfire,Dubstep
279,Chief Keef   Macaroni Time,Chief Keef - Macaroni Time,Trap
279,Chief Keef   Macaroni Time,Chief Keef - Macaroni Time,Drill
279,Chief Keef   Macaroni Time,Chief Keef - Macaroni Time,Gangsta
279,Chief Keef   Macaroni Time,Chief Keef - Macaroni Time,Thug Rap
280, rainforest   jungle is our dub dub to jungle,[45717] rainforest - jungle is our dub-dub to jungle,Jungle
280, rainforest   jungle is our dub dub to jungle,[45717] rainforest - jungle is our dub-dub to jungle,Dub
281,Ambulance vs Ambulance   Bitte Pill,Ambulance vs Ambulance - Bitte Pill.mp3,Abstract
282,Yak   Lucid Nightmare,Yak - Lucid Nightmare.mp3,Broken Beat
282,Yak   Lucid Nightmare,Yak - Lucid Nightmare.mp3,Techno
283,Sprawl + DArcangelo Remix   Time Tunnel,Sprawl + D'Arcangelo Remix - Time Tunnel,Electro
283,Sprawl + DArcangelo Remix   Time Tunnel,Sprawl + D'Arcangelo Remix - Time Tunnel,IDM
283,Sprawl + DArcangelo Remix   Time Tunnel,Sprawl + D'Arcangelo Remix - Time Tunnel,Techno
283,Sprawl + DArcangelo Remix   Time Tunnel,Sprawl + D'Arcangelo Remix - Time Tunnel,Breaks
284,Dj Healer   Nothing 2 Loose,Dj Healer - Nothing 2 Loose,Ambient
284,Dj Healer   Nothing 2 Loose,Dj Healer - Nothing 2 Loose,Breakbeat
284,Dj Healer   Nothing 2 Loose,Dj Healer - Nothing 2 Loose,House
286,Florian T M Zeisig   Coatcheck,Florian T M Zeisig - Coatcheck,Abstract
286,Florian T M Zeisig   Coatcheck,Florian T M Zeisig - Coatcheck,Ambient
286,Florian T M Zeisig   Coatcheck,Florian T M Zeisig - Coatcheck,Dub Techno
287,Little Artist   CANCEL COPENHAGEN,Little Artist - CANCEL COPENHAGEN,Dub
287,Little Artist   CANCEL COPENHAGEN,Little Artist - CANCEL COPENHAGEN,Future Jazz
288,YOUTH   SSIEGE   Fading Summer   YOCS2,YOUTH - SSIEGE - Fading Summer - YOCS2,Ambient
288,YOUTH   SSIEGE   Fading Summer   YOCS2,YOUTH - SSIEGE - Fading Summer - YOCS2,Abstract
288,YOUTH   SSIEGE   Fading Summer   YOCS2,YOUTH - SSIEGE - Fading Summer - YOCS2,Synthwave
288,YOUTH   SSIEGE   Fading Summer   YOCS2,YOUTH - SSIEGE - Fading Summer - YOCS2,New Age
289,ZULI   Bionic Ahmed ,ZULI - Bionic Ahmed (UIQ0002),Abstract
289,ZULI   Bionic Ahmed ,ZULI - Bionic Ahmed (UIQ0002),Grime
289,ZULI   Bionic Ahmed ,ZULI - Bionic Ahmed (UIQ0002),Techno
289,ZULI   Bionic Ahmed ,ZULI - Bionic Ahmed (UIQ0002),Jungle
289,ZULI   Bionic Ahmed ,ZULI - Bionic Ahmed (UIQ0002),UK Garage
291, SSIEGE   Turbe In Sviluppo ,[2016] SSIEGE - Turbe In Sviluppo [UN.T.O. Records],Abstract
291, SSIEGE   Turbe In Sviluppo ,[2016] SSIEGE - Turbe In Sviluppo [UN.T.O. Records],Deep House
291, SSIEGE   Turbe In Sviluppo ,[2016] SSIEGE - Turbe In Sviluppo [UN.T.O. Records],Techno
293,Le Combat   The Tower,Le Combat - The Tower.mp3,Soundtrack
293,Le Combat   The Tower,Le Combat - The Tower.mp3,Video Game Music
294,Big Hands   Ossario,Big Hands - Ossario,Techno
294,Big Hands   Ossario,Big Hands - Ossario,Deep Techno
294,Big Hands   Ossario,Big Hands - Ossario,Leftfield
296,Anthony Naples El Portal ,Anthony_Naples-El_Portal-(TTT008),Deep House
296,Anthony Naples El Portal ,Anthony_Naples-El_Portal-(TTT008),Leftfield
297,Randomer   Smokin,Randomer - Smokin,Techno
297,Randomer   Smokin,Randomer - Smokin,Electro
298,Menzi   Impazamo,Menzi - Impazamo,Experimental
298,Menzi   Impazamo,Menzi - Impazamo,Bass Music
298,Menzi   Impazamo,Menzi - Impazamo,Gqom
299,"Bear Bones, Lay Low   Voces De Humo ","Bear Bones, Lay Low - Voces De Humo (DJ Plead Belly-Roll Mix).mp3",Leftfield
299,"Bear Bones, Lay Low   Voces De Humo ","Bear Bones, Lay Low - Voces De Humo (DJ Plead Belly-Roll Mix).mp3",Experimental
299,"Bear Bones, Lay Low   Voces De Humo ","Bear Bones, Lay Low - Voces De Humo (DJ Plead Belly-Roll Mix).mp3",Tribal
299,"Bear Bones, Lay Low   Voces De Humo ","Bear Bones, Lay Low - Voces De Humo (DJ Plead Belly-Roll Mix).mp3",Drum n Bass
300,Space Drum Meditation   SDM002,Space_Drum_Meditation - SDM002,Techno
300,Space Drum Meditation   SDM002,Space_Drum_Meditation - SDM002,Experimental
300,Space Drum Meditation   SDM002,Space_Drum_Meditation - SDM002,Electro
301,Samba   Winona  ,Samba - Winona [Ep] (2019),Dubstep
302,Krikor   Gun Clash Riddim,Krikor - Gun Clash Riddim,Dub
302,Krikor   Gun Clash Riddim,Krikor - Gun Clash Riddim,Breakbeat
304,Tolouse Low Trax   Decades vol.II,Tolouse Low Trax - Decades vol.II,Experimental
304,Tolouse Low Trax   Decades vol.II,Tolouse Low Trax - Decades vol.II,Electro
304,Tolouse Low Trax   Decades vol.II,Tolouse Low Trax - Decades vol.II,Minimal
304,Tolouse Low Trax   Decades vol.II,Tolouse Low Trax - Decades vol.II,Techno
304,Tolouse Low Trax   Decades vol.II,Tolouse Low Trax - Decades vol.II,Industrial
305,Reedale Rise   Eternal Return,Reedale Rise - Eternal Return,Electro
305,Reedale Rise   Eternal Return,Reedale Rise - Eternal Return,Techno
305,Reedale Rise   Eternal Return,Reedale Rise - Eternal Return,Acid
306,Robert Fleck   Injury Time,Robert Fleck - Injury Time,Abstract
306,Robert Fleck   Injury Time,Robert Fleck - Injury Time,Experimental
306,Robert Fleck   Injury Time,Robert Fleck - Injury Time,Speed Garage
306,Robert Fleck   Injury Time,Robert Fleck - Injury Time,Dubstep
307,Mido   Darunia  ,Mido - Darunia (2017) (flac),Techno
307,Mido   Darunia  ,Mido - Darunia (2017) (flac),Tribal
308,Đ.K.   The Ancient Kingdom,Đ.K. - The Ancient Kingdom,Ambient
308,Đ.K.   The Ancient Kingdom,Đ.K. - The Ancient Kingdom,Downtempo
308,Đ.K.   The Ancient Kingdom,Đ.K. - The Ancient Kingdom,Tribal
308,Đ.K.   The Ancient Kingdom,Đ.K. - The Ancient Kingdom,House
310,Two Shell   Over U,Two Shell - Over U.mp3,Pop Rock
310,Two Shell   Over U,Two Shell - Over U.mp3,Indie Rock
311,Senate   Gangstalker,Senate - Gangstalker,Techno
311,Senate   Gangstalker,Senate - Gangstalker,Electro
311,Senate   Gangstalker,Senate - Gangstalker,Breakbeat
311,Senate   Gangstalker,Senate - Gangstalker,Bass Music
312,Four Tet   New Energy,Four Tet - New Energy,Ambient
312,Four Tet   New Energy,Four Tet - New Energy,House
312,Four Tet   New Energy,Four Tet - New Energy,Techno
312,Four Tet   New Energy,Four Tet - New Energy,Minimal
313,wzrdryAV   Midnight Visions,wzrdryAV - Midnight Visions,Ambient
313,wzrdryAV   Midnight Visions,wzrdryAV - Midnight Visions,Dub Techno
313,wzrdryAV   Midnight Visions,wzrdryAV - Midnight Visions,Downtempo
313,wzrdryAV   Midnight Visions,wzrdryAV - Midnight Visions,Field Recording
314,Flowdan   Full Metal Jacket,Flowdan - Full Metal Jacket,Grime
315,67   Lets Lurk ,67 - Let's Lurk [2016],Grime
315,67   Lets Lurk ,67 - Let's Lurk [2016],Trap
315,67   Lets Lurk ,67 - Let's Lurk [2016],Drill
316,Legowelt   Immensity Of Cosmic Space,Legowelt - Immensity Of Cosmic Space,Techno
316,Legowelt   Immensity Of Cosmic Space,Legowelt - Immensity Of Cosmic Space,Acid House
316,Legowelt   Immensity Of Cosmic Space,Legowelt - Immensity Of Cosmic Space,Breakbeat
317,Perc   Truss   Clapacid,Perc & Truss - Clapacid.mp3,Techno
319,Lemonick   Krizzli   Nammi,Lemonick & Krizzli - Nammi.mp3,Grime
319,Lemonick   Krizzli   Nammi,Lemonick & Krizzli - Nammi.mp3,Dancehall
319,Lemonick   Krizzli   Nammi,Lemonick & Krizzli - Nammi.mp3,Trap
319,Lemonick   Krizzli   Nammi,Lemonick & Krizzli - Nammi.mp3,Experimental
320,Anunaku   Stargate EP,Anunaku - Stargate EP,Breakbeat
320,Anunaku   Stargate EP,Anunaku - Stargate EP,Techno
321,Batu   Lurka   Curved   Bambounou Hyper Street Remix,Batu & Lurka - Curved - Bambounou Hyper Street Remix,Experimental
321,Batu   Lurka   Curved   Bambounou Hyper Street Remix,Batu & Lurka - Curved - Bambounou Hyper Street Remix,Techno
321,Batu   Lurka   Curved   Bambounou Hyper Street Remix,Batu & Lurka - Curved - Bambounou Hyper Street Remix,House
322,Franco Franco   Solo Fiori,Franco Franco - Solo Fiori,
323,Mala   Changes   Forgive,Mala - Changes - Forgive,Dubstep
324,Tenesha The WordSmith   Madea Dangerous Women,Tenesha The WordSmith - Madea-Dangerous Women,Abstract
324,Tenesha The WordSmith   Madea Dangerous Women,Tenesha The WordSmith - Madea-Dangerous Women,Spoken Word
324,Tenesha The WordSmith   Madea Dangerous Women,Tenesha The WordSmith - Madea-Dangerous Women,Poetry
325,Tzusing   地心引力抓不住你,Tzusing - 地心引力抓不住你.mp3,EBM
325,Tzusing   地心引力抓不住你,Tzusing - 地心引力抓不住你.mp3,Industrial
325,Tzusing   地心引力抓不住你,Tzusing - 地心引力抓不住你.mp3,Techno
327,Ossia   chester giles   Shackles   Anpao,Ossia & chester giles - Shackles - Anpao,Experimental
327,Ossia   chester giles   Shackles   Anpao,Ossia & chester giles - Shackles - Anpao,Dub
328,Senyawa   Alkisah,Senyawa - Alkisah,Abstract
329,XXIII   XXIII   VOLUME 3,XXIII - XXIII - VOLUME 3,Breakbeat
329,XXIII   XXIII   VOLUME 3,XXIII - XXIII - VOLUME 3,Hardcore
329,XXIII   XXIII   VOLUME 3,XXIII - XXIII - VOLUME 3,Techno
331,Ossia   Devils Dance,Ossia - Devil's Dance,Dub
331,Ossia   Devils Dance,Ossia - Devil's Dance,Techno
331,Ossia   Devils Dance,Ossia - Devil's Dance,Ambient
331,Ossia   Devils Dance,Ossia - Devil's Dance,Illbient
332,Bruce   Sonder Somatic    ,Bruce - Sonder Somatic - (2018) [WEB-FLAC],Techno
334,Hebbe   Down Town Dub  Tumble,Hebbe - Down Town Dub  Tumble,Dubstep
335,Persistence of memory  ,Persistence of memory (2017) (flac),Techno
335,Persistence of memory  ,Persistence of memory (2017) (flac),Drum n Bass
336,hypho   round ere,hypho - round ere,Bass Music
337,Paleman   Yrs Ago   Animus,Paleman - Yrs Ago - Animus,Techno
337,Paleman   Yrs Ago   Animus,Paleman - Yrs Ago - Animus,Electro
337,Paleman   Yrs Ago   Animus,Paleman - Yrs Ago - Animus,House
337,Paleman   Yrs Ago   Animus,Paleman - Yrs Ago - Animus,Bass Music
339,Notte Brigante   DJ F16 FALCON   Ici Commence La Nuit,Notte Brigante - DJ F16 FALCON - Ici Commence La Nuit,Dub
339,Notte Brigante   DJ F16 FALCON   Ici Commence La Nuit,Notte Brigante - DJ F16 FALCON - Ici Commence La Nuit,Experimental
340,Anthony Naples   Chameleon,Anthony Naples - Chameleon,Ambient
340,Anthony Naples   Chameleon,Anthony Naples - Chameleon,Downtempo
340,Anthony Naples   Chameleon,Anthony Naples - Chameleon,Chillwave
341,The Prince Stoner   Stoners Dub,The Prince Stoner - Stoner's Dub,Dub
341,The Prince Stoner   Stoners Dub,The Prince Stoner - Stoner's Dub,Experimental
342,Jake Muir   Ladys Mantle,Jake Muir - Lady's Mantle,Ambient
342,Jake Muir   Ladys Mantle,Jake Muir - Lady's Mantle,Field Recording
342,Jake Muir   Ladys Mantle,Jake Muir - Lady's Mantle,Ethereal
343,O$VMV$M   O$VMV$M   Phase 4   Witch Linen,O$VMV$M - O$VMV$M - Phase 4' - 'Witch Linen,Dub
344,Huerco S.   QTT4,Huerco S. - QTT4,Ambient
344,Huerco S.   QTT4,Huerco S. - QTT4,Drone
344,Huerco S.   QTT4,Huerco S. - QTT4,Experimental
345,Sikka Rymes   Seh Dem Bad,Sikka Rymes - Seh Dem Bad.mp3,Dancehall
345,Sikka Rymes   Seh Dem Bad,Sikka Rymes - Seh Dem Bad.mp3,Experimental
345,Sikka Rymes   Seh Dem Bad,Sikka Rymes - Seh Dem Bad.mp3,Bassline
346,Via Maris   Glow Wall   CU2,Via Maris - Glow Wall - CU2,Techno
346,Via Maris   Glow Wall   CU2,Via Maris - Glow Wall - CU2,Dubstep
346,Via Maris   Glow Wall   CU2,Via Maris - Glow Wall - CU2,Leftfield
348,Batu   Marius EP,Batu - Marius EP,Techno
348,Batu   Marius EP,Batu - Marius EP,House
348,Batu   Marius EP,Batu - Marius EP,Ambient
352,YOUTH   Nuclear Winter   Heavy Rain   Y15TH,YOUTH - Nuclear Winter - Heavy Rain - Y15TH,Dubstep
354,Sharp tool in the shed   Land of the insane  ,Sharp tool in the shed - Land of the insane (2018) (flac),Deep House
354,Sharp tool in the shed   Land of the insane  ,Sharp tool in the shed - Land of the insane (2018) (flac),Leftfield
354,Sharp tool in the shed   Land of the insane  ,Sharp tool in the shed - Land of the insane (2018) (flac),Techno
354,Sharp tool in the shed   Land of the insane  ,Sharp tool in the shed - Land of the insane (2018) (flac),Ambient
356,Lamont   Detached,Lamont - Detached,Grime
356,Lamont   Detached,Lamont - Detached,Dubstep
357,Cousin   Ruff Draft,Cousin - Ruff Draft,Grime
357,Cousin   Ruff Draft,Cousin - Ruff Draft,Garage House
358,David Goren   Brooklyn Pirates  Neighbourhoods in the Sky  2014 2021,David Goren - Brooklyn Pirates- Neighbourhoods in the Sky- 2014-2021,Public Broadcast
358,David Goren   Brooklyn Pirates  Neighbourhoods in the Sky  2014 2021,David Goren - Brooklyn Pirates- Neighbourhoods in the Sky- 2014-2021,Lovers Rock
358,David Goren   Brooklyn Pirates  Neighbourhoods in the Sky  2014 2021,David Goren - Brooklyn Pirates- Neighbourhoods in the Sky- 2014-2021,Dancehall
359,Elgato   Tonight   Blue,Elgato - Tonight - Blue,House
359,Elgato   Tonight   Blue,Elgato - Tonight - Blue,Minimal
359,Elgato   Tonight   Blue,Elgato - Tonight - Blue,Breakbeat
360, Soundbwoy Killah   Halcyon Daze ,[SNKRLP004] Soundbwoy Killah - Halcyon Daze (2019),Breakbeat
360, Soundbwoy Killah   Halcyon Daze ,[SNKRLP004] Soundbwoy Killah - Halcyon Daze (2019),Ambient
360, Soundbwoy Killah   Halcyon Daze ,[SNKRLP004] Soundbwoy Killah - Halcyon Daze (2019),Hardcore
360, Soundbwoy Killah   Halcyon Daze ,[SNKRLP004] Soundbwoy Killah - Halcyon Daze (2019),Techno
360, Soundbwoy Killah   Halcyon Daze ,[SNKRLP004] Soundbwoy Killah - Halcyon Daze (2019),House
360, Soundbwoy Killah   Halcyon Daze ,[SNKRLP004] Soundbwoy Killah - Halcyon Daze (2019),UK Garage
361,CS + Kreme   EP #1,CS + Kreme - EP #1,Downtempo
361,CS + Kreme   EP #1,CS + Kreme - EP #1,Experimental
362,Jerome   Moods,Jerome - Moods,Afro-Cuban Jazz
362,Jerome   Moods,Jerome - Moods,Bop
363,Rezzett   Rezzett LP,Rezzett - Rezzett LP,Techno
363,Rezzett   Rezzett LP,Rezzett - Rezzett LP,Ambient
363,Rezzett   Rezzett LP,Rezzett - Rezzett LP,Drum n Bass
363,Rezzett   Rezzett LP,Rezzett - Rezzett LP,Lo-Fi
364,Grim Lusk   Search,Grim Lusk - Search.mp3,Industrial
364,Grim Lusk   Search,Grim Lusk - Search.mp3,Dub
364,Grim Lusk   Search,Grim Lusk - Search.mp3,Electro
364,Grim Lusk   Search,Grim Lusk - Search.mp3,Experimental
364,Grim Lusk   Search,Grim Lusk - Search.mp3,Hip Hop
366,Manse   Cymbal Shudder,Manse - Cymbal Shudder,Techno
368,Significant Other   Postdrome EP,Significant Other - Postdrome EP,Broken Beat
368,Significant Other   Postdrome EP,Significant Other - Postdrome EP,Techno
369,Blade  Evil Forces EP,Blade -Evil_Forces_EP,Drum n Bass
371,LCY   LCY,LCY - LCY,Pop Rock
371,LCY   LCY,LCY - LCY,Glam
373,forest drive west set free web,forest_drive_west-set_free-web,
375,Sparse   Sparse #1,Sparse - Sparse #1,Ambient
376, BODDIKA   Acid Jackson Basement ,[SWAMP019] BODDIKA - Acid Jackson-Basement (2012),Acid
376, BODDIKA   Acid Jackson Basement ,[SWAMP019] BODDIKA - Acid Jackson-Basement (2012),Electro
377, Soundbwoy Killah   Come My Selector ,[SNKR015] Soundbwoy Killah - Come My Selector (2018),Breakbeat
377, Soundbwoy Killah   Come My Selector ,[SNKR015] Soundbwoy Killah - Come My Selector (2018),Garage House
378,Jake Muir   the hum of your veiled voice,Jake Muir - the hum of your veiled voice,Ambient
378,Jake Muir   the hum of your veiled voice,Jake Muir - the hum of your veiled voice,Experimental
379,XXIII   XXIII   VOLUME 2,XXIII - XXIII - VOLUME 2,Renaissance
381,forest drive west   apparitions ,forest drive west - apparitions [livity033],Techno
381,forest drive west   apparitions ,forest drive west - apparitions [livity033],Electro
381,forest drive west   apparitions ,forest drive west - apparitions [livity033],Ambient
382,Lil Durk   Im Still a Hitta,Lil Durk - I'm Still a Hitta,Trap
382,Lil Durk   Im Still a Hitta,Lil Durk - I'm Still a Hitta,Drill
383,Rakim   The Master,Rakim - The Master,Conscious
384,Debmaster   1av2,Debmaster - 1av2.mp3,Juke
384,Debmaster   1av2,Debmaster - 1av2.mp3,Bass Music
384,Debmaster   1av2,Debmaster - 1av2.mp3,Hip Hop
384,Debmaster   1av2,Debmaster - 1av2.mp3,Instrumental
386,Hodge   Amor Fati    Tilikum ,Hodge - Amor Fati (Peverelist remix) - Tilikum (Hodge remix),Techno
387,Paleman   Beezeldub,Paleman - Beezeldub,House
388,Bambounou x Bruce   Final Conference,Bambounou x Bruce - Final Conference,Experimental
388,Bambounou x Bruce   Final Conference,Bambounou x Bruce - Final Conference,Techno
389,XXIII   XXIII   VOLUME 5,XXIII - XXIII - VOLUME 5,Psy-Trance
389,XXIII   XXIII   VOLUME 5,XXIII - XXIII - VOLUME 5,Progressive Trance
390, People Plus   Olympus Mons EP ,[INC003] People Plus - Olympus Mons EP (2018),Techno
390, People Plus   Olympus Mons EP ,[INC003] People Plus - Olympus Mons EP (2018),Abstract
391, Nick Klein   Rhinestone Cowboy,[LIES089] Nick Klein - Rhinestone Cowboy,Techno
391, Nick Klein   Rhinestone Cowboy,[LIES089] Nick Klein - Rhinestone Cowboy,Industrial
391, Nick Klein   Rhinestone Cowboy,[LIES089] Nick Klein - Rhinestone Cowboy,Experimental
392,Yung Beef   Perreo de la Muerte 2 ,"Yung Beef - Perreo de la Muerte 2 [Spain,2019]",Trap
392,Yung Beef   Perreo de la Muerte 2 ,"Yung Beef - Perreo de la Muerte 2 [Spain,2019]",Reggaeton
393,Basic Rhythm   2 Da Core,Basic Rhythm - 2 Da Core,Juke
393,Basic Rhythm   2 Da Core,Basic Rhythm - 2 Da Core,Jungle
394,Otik   Wetlands,Otik - Wetlands,Techno
397,Weeshuis Der Verloren Zielen EP,Weeshuis Der Verloren Zielen EP,Techno
397,Weeshuis Der Verloren Zielen EP,Weeshuis Der Verloren Zielen EP,Acid
398,Rosso Polare   Bocca Dombra,Rosso Polare - Bocca D'ombra,Experimental
398,Rosso Polare   Bocca Dombra,Rosso Polare - Bocca D'ombra,Ambient
398,Rosso Polare   Bocca Dombra,Rosso Polare - Bocca D'ombra,Leftfield
398,Rosso Polare   Bocca Dombra,Rosso Polare - Bocca D'ombra,Avant-garde Jazz
399,Hodge   HEK025 ,Hodge - HEK025 (2015),Techno
400,Never mind   Short stay  ,Never mind - Short stay (2019) (flac),Dubstep
400,Never mind   Short stay  ,Never mind - Short stay (2019) (flac),Grime
402,Luca Lozano   Gun Fingers ,Luca Lozano - Gun Fingers ,Techno
402,Luca Lozano   Gun Fingers ,Luca Lozano - Gun Fingers ,House
403,Nikolajev   LEL EP,Nikolajev - LEL EP,Ambient
403,Nikolajev   LEL EP,Nikolajev - LEL EP,Darkwave
404,Laksa   Sen On One,Laksa - Sen On One,Techno
404,Laksa   Sen On One,Laksa - Sen On One,Dubstep
404,Laksa   Sen On One,Laksa - Sen On One,Dancehall
407,Yao Bobby   Simon Grab   Black Revolution,Yao Bobby & Simon Grab - Black Revolution.mp3,Experimental
407,Yao Bobby   Simon Grab   Black Revolution,Yao Bobby & Simon Grab - Black Revolution.mp3,Conscious
408,Coco Bryce   Tommy The Cat   Coco   The Cat Return ,Coco Bryce - Tommy The Cat - Coco & The Cat Return (CITB007),Jungle
409,Loefah   Ruffage,Loefah - Ruffage.mp3,Dubstep
410,Peverelist   Undulate   Grit,Peverelist - Undulate - Grit,Techno
411,PEDRO   Na Quebrada ,PEDRO - Na Quebrada (feat. Rincon Sapiência),Bass Music
412,STILL   Haile Selassie Is The Micro Chip ,STILL - Haile Selassie Is The Micro-Chip (NÍDIA Remix).mp3,Experimental
412,STILL   Haile Selassie Is The Micro Chip ,STILL - Haile Selassie Is The Micro-Chip (NÍDIA Remix).mp3,Dub
412,STILL   Haile Selassie Is The Micro Chip ,STILL - Haile Selassie Is The Micro-Chip (NÍDIA Remix).mp3,Dancehall
413,Tessela   Lanark Artefax   Blue 01,Tessela - Lanark Artefax - Blue 01,Techno
413,Tessela   Lanark Artefax   Blue 01,Tessela - Lanark Artefax - Blue 01,Electro
413,Tessela   Lanark Artefax   Blue 01,Tessela - Lanark Artefax - Blue 01,Broken Beat
414,Loefah   The Goat Stare,Loefah - The Goat Stare.mp3,Dubstep
416,Reflec   BHM,Reflec - BHM,Techno
416,Reflec   BHM,Reflec - BHM,Breakbeat
417,Branko + PEDRO   MPTS,Branko + PEDRO - MPTS,Bass Music
418,Huerco S.   Plonk,Huerco S. - Plonk,Experimental
418,Huerco S.   Plonk,Huerco S. - Plonk,Ambient
418,Huerco S.   Plonk,Huerco S. - Plonk,Abstract
418,Huerco S.   Plonk,Huerco S. - Plonk,IDM
419,Pearson Sound   Starburst EP,Pearson Sound - Starburst EP,Techno
419,Pearson Sound   Starburst EP,Pearson Sound - Starburst EP,Grime
420,PEDRO   DL,PEDRO - DL,Ballad
420,PEDRO   DL,PEDRO - DL,Disco
422,Wilted Woman   Songs in the Key of Wilt,Wilted Woman - Songs in the Key of Wilt,Alternative Rock
422,Wilted Woman   Songs in the Key of Wilt,Wilted Woman - Songs in the Key of Wilt,Berlin-School
422,Wilted Woman   Songs in the Key of Wilt,Wilted Woman - Songs in the Key of Wilt,Leftfield
422,Wilted Woman   Songs in the Key of Wilt,Wilted Woman - Songs in the Key of Wilt,Techno
423,forest drive west jungle crack ep,forest_drive_west-jungle_crack_ep,Drum n Bass
423,forest drive west jungle crack ep,forest_drive_west-jungle_crack_ep,Jungle
424,Ascot ww   Welcome To The Wicked Land,Ascot-ww - Welcome To The Wicked Land,Breakbeat
424,Ascot ww   Welcome To The Wicked Land,Ascot-ww - Welcome To The Wicked Land,Electro
425,Drax   The 3rd Decade,Drax - The 3rd Decade,Techno
425,Drax   The 3rd Decade,Drax - The 3rd Decade,Acid
428,Madteo   Str8 Crooked,Madteo - Str8 Crooked,Ghetto House
428,Madteo   Str8 Crooked,Madteo - Str8 Crooked,House
429,Aleksa Alaska  Chlorys   NMX002  Paranormal Mixtape,Aleksa Alaska- Chlorys - NMX002- Paranormal Mixtape,Abstract
429,Aleksa Alaska  Chlorys   NMX002  Paranormal Mixtape,Aleksa Alaska- Chlorys - NMX002- Paranormal Mixtape,Neo Trance
432,Fabio Fabio   Masochistas EP ,Fabio Fabio - Masochistas EP (IVR011),Electro
435,UVB76   IWA GAADEN,UVB76 - IWA GAADEN,Experimental
437,BKV Cadavre   VOM   Fire In The Mind,BKV Cadavre - VOM - Fire In The Mind.mp3,Experimental
437,BKV Cadavre   VOM   Fire In The Mind,BKV Cadavre - VOM - Fire In The Mind.mp3,Dub
439,Caski   Structures,Caski - Structures.mp3,UK Garage
439,Caski   Structures,Caski - Structures.mp3,Techno
440,Mars89   Lucid Dream EP,Mars89 - Lucid Dream EP,Experimental
440,Mars89   Lucid Dream EP,Mars89 - Lucid Dream EP,Dancehall
441,Krush Lumpkin   Rilascio,Krush Lumpkin - Rilascio,Leftfield
441,Krush Lumpkin   Rilascio,Krush Lumpkin - Rilascio,Footwork
442,Low Jack   Les Riddims du Lieu dit,Low Jack - Les Riddims du Lieu-dit,Dancehall
442,Low Jack   Les Riddims du Lieu dit,Low Jack - Les Riddims du Lieu-dit,Industrial
442,Low Jack   Les Riddims du Lieu dit,Low Jack - Les Riddims du Lieu-dit,Breakbeat
443,Tammo Hesselink   It Is Easy To See,Tammo Hesselink - It Is Easy To See.mp3,Techno
444,Logic1000   LOGIC1000,Logic1000 - LOGIC1000,Dubstep
444,Logic1000   LOGIC1000,Logic1000 - LOGIC1000,House
445,Seven Sisters   Pursuit Ep,Seven Sisters - Pursuit Ep,Abstract
445,Seven Sisters   Pursuit Ep,Seven Sisters - Pursuit Ep,Ambient
445,Seven Sisters   Pursuit Ep,Seven Sisters - Pursuit Ep,Deep Techno
445,Seven Sisters   Pursuit Ep,Seven Sisters - Pursuit Ep,Noise
445,Seven Sisters   Pursuit Ep,Seven Sisters - Pursuit Ep,IDM
447,Dori Sorride   A Catturare I Raggi,Dori Sorride - A Catturare I Raggi,Hyperpop
447,Dori Sorride   A Catturare I Raggi,Dori Sorride - A Catturare I Raggi,Leftfield
448,a rocket in dub   normal dub,a rocket in dub - normal dub,Dub
448,a rocket in dub   normal dub,a rocket in dub - normal dub,Dub Techno
448,a rocket in dub   normal dub,a rocket in dub - normal dub,IDM
449,Christos Chondropoulos   Oaks,Christos Chondropoulos - Oaks.mp3,Experimental
449,Christos Chondropoulos   Oaks,Christos Chondropoulos - Oaks.mp3,Éntekhno
449,Christos Chondropoulos   Oaks,Christos Chondropoulos - Oaks.mp3,African
449,Christos Chondropoulos   Oaks,Christos Chondropoulos - Oaks.mp3,Big Beat
450,John T. Gast   SINEAD MEMORY TAPE ,John T. Gast - SINEAD MEMORY TAPE (2015),Ambient
450,John T. Gast   SINEAD MEMORY TAPE ,John T. Gast - SINEAD MEMORY TAPE (2015),Experimental
450,John T. Gast   SINEAD MEMORY TAPE ,John T. Gast - SINEAD MEMORY TAPE (2015),Drone
451,Beneath   Numbers Talk EP,Beneath - Numbers Talk EP,Dub
451,Beneath   Numbers Talk EP,Beneath - Numbers Talk EP,Dub Techno
452,Massacooramaan   Dancehall Princess,Massacooramaan - Dancehall Princess.mp3,Ghetto
453,Mall Grab   How The Dogs Chill  Vol.1,Mall Grab - How The Dogs Chill- Vol.1,House
453,Mall Grab   How The Dogs Chill  Vol.1,Mall Grab - How The Dogs Chill- Vol.1,Leftfield
453,Mall Grab   How The Dogs Chill  Vol.1,Mall Grab - How The Dogs Chill- Vol.1,Breaks
453,Mall Grab   How The Dogs Chill  Vol.1,Mall Grab - How The Dogs Chill- Vol.1,Deep House
454,Tessela   Hackney Parrot   Helter Skelter,Tessela - Hackney Parrot - Helter Skelter,Bass Music
454,Tessela   Hackney Parrot   Helter Skelter,Tessela - Hackney Parrot - Helter Skelter,Jungle
455,Randomer   HEK021   Randomer   Bring   Curtains,Randomer - HEK021 - Randomer - Bring - Curtains,Techno
458,Bakongo   Thirteen Level Cowbell,Bakongo - Thirteen-Level Cowbell,Bass Music
458,Bakongo   Thirteen Level Cowbell,Bakongo - Thirteen-Level Cowbell,Tribal
459,Various Artists   Music For Balconies 2,Various Artists - Music For Balconies 2,Indie Rock
461,SAINT ABDULLAH   IN GODS IMAGE,SAINT ABDULLAH - IN GOD'S IMAGE,Abstract
461,SAINT ABDULLAH   IN GODS IMAGE,SAINT ABDULLAH - IN GOD'S IMAGE,Dub
461,SAINT ABDULLAH   IN GODS IMAGE,SAINT ABDULLAH - IN GOD'S IMAGE,Industrial
461,SAINT ABDULLAH   IN GODS IMAGE,SAINT ABDULLAH - IN GOD'S IMAGE,Illbient
461,SAINT ABDULLAH   IN GODS IMAGE,SAINT ABDULLAH - IN GOD'S IMAGE,Future Jazz
462,Batu   Bleeper Feed   April These,Batu - Bleeper Feed - April These,Techno
463,Jake Muir   ITLP10   Mana,Jake Muir - ITLP10 - Mana,Illbient
463,Jake Muir   ITLP10   Mana,Jake Muir - ITLP10 - Mana,Ambient
463,Jake Muir   ITLP10   Mana,Jake Muir - ITLP10 - Mana,Abstract
464,Duma   Duma,Duma - Duma,Breakcore
464,Duma   Duma,Duma - Duma,Industrial
464,Duma   Duma,Duma - Duma,Noise
464,Duma   Duma,Duma - Duma,Grindcore
465,Kahn      Dread + Dubkasm Versions ,Kahn - (2020) - Dread + Dubkasm Versions [MEDI-117],Dub
465,Kahn      Dread + Dubkasm Versions ,Kahn - (2020) - Dread + Dubkasm Versions [MEDI-117],Dubstep
466,OSS001 Masters,OSS001 Masters,Hip Hop
466,OSS001 Masters,OSS001 Masters,Garage House
466,OSS001 Masters,OSS001 Masters,House
467,KELMAN DURAN   1804 KIDS,KELMAN DURAN - 1804 KIDS,Experimental
467,KELMAN DURAN   1804 KIDS,KELMAN DURAN - 1804 KIDS,Reggaeton
468,Florian T M Zeisig   You Look So Serious,Florian T M Zeisig - You Look So Serious,Ambient
469,Pawels Bar   Pawels Bar   Cantina,Pawel's Bar - Pawel's Bar - Cantina,Dub
469,Pawels Bar   Pawels Bar   Cantina,Pawel's Bar - Pawel's Bar - Cantina,Downtempo
469,Pawels Bar   Pawels Bar   Cantina,Pawel's Bar - Pawel's Bar - Cantina,Leftfield
469,Pawels Bar   Pawels Bar   Cantina,Pawel's Bar - Pawel's Bar - Cantina,Future Jazz
470,Bruce   Im Alright Mate   Post Rave Wrestle,Bruce - I'm Alright Mate - Post Rave Wrestle,Techno
470,Bruce   Im Alright Mate   Post Rave Wrestle,Bruce - I'm Alright Mate - Post Rave Wrestle,Abstract
471,Dentis   The Pintupi Nine EP,Dentis - The Pintupi Nine EP,Industrial
471,Dentis   The Pintupi Nine EP,Dentis - The Pintupi Nine EP,Techno
472,Laksa   The Amala Trick   In The Middle,Laksa - The Amala Trick - In The Middle,Abstract
472,Laksa   The Amala Trick   In The Middle,Laksa - The Amala Trick - In The Middle,Experimental
472,Laksa   The Amala Trick   In The Middle,Laksa - The Amala Trick - In The Middle,Techno
473,Bokeh Allstars   Mutual Aid 2020,Bokeh Allstars - Mutual Aid 2020,Dub
473,Bokeh Allstars   Mutual Aid 2020,Bokeh Allstars - Mutual Aid 2020,Illbient
474,GUNDAM   DARKSIDE DUB,GUNDAM - DARKSIDE DUB.mp3,Grime
475,Objekt   Objekt #4,Objekt - Objekt #4,House
475,Objekt   Objekt #4,Objekt - Objekt #4,Breaks
475,Objekt   Objekt #4,Objekt - Objekt #4,Techno
477,Loefah   woman,Loefah - woman.mp3,Dubstep
479,BABE ROOTS   MUSIC MISSION EP,BABE ROOTS - MUSIC MISSION EP,Latin
479,BABE ROOTS   MUSIC MISSION EP,BABE ROOTS - MUSIC MISSION EP,Hi NRG
479,BABE ROOTS   MUSIC MISSION EP,BABE ROOTS - MUSIC MISSION EP,Italo-Disco
479,BABE ROOTS   MUSIC MISSION EP,BABE ROOTS - MUSIC MISSION EP,Pop Rap
479,BABE ROOTS   MUSIC MISSION EP,BABE ROOTS - MUSIC MISSION EP,Disco
479,BABE ROOTS   MUSIC MISSION EP,BABE ROOTS - MUSIC MISSION EP,Techno
479,BABE ROOTS   MUSIC MISSION EP,BABE ROOTS - MUSIC MISSION EP,Euro House
479,BABE ROOTS   MUSIC MISSION EP,BABE ROOTS - MUSIC MISSION EP,House
479,BABE ROOTS   MUSIC MISSION EP,BABE ROOTS - MUSIC MISSION EP,Electro
479,BABE ROOTS   MUSIC MISSION EP,BABE ROOTS - MUSIC MISSION EP,Synth-pop
479,BABE ROOTS   MUSIC MISSION EP,BABE ROOTS - MUSIC MISSION EP,Funk
480,Loefah   Ginnocchio,Loefah - Ginnocchio.mp3,Dubstep
481,Chaperone   Jazz From the Shelter,Chaperone - Jazz From the Shelter,New Age
481,Chaperone   Jazz From the Shelter,Chaperone - Jazz From the Shelter,Techno
481,Chaperone   Jazz From the Shelter,Chaperone - Jazz From the Shelter,Hip Hop
481,Chaperone   Jazz From the Shelter,Chaperone - Jazz From the Shelter,Dub
482,Jonah Dan   Galactic Light,Jonah Dan - Galactic Light.mp3,Dub
483,Oyl   Urm,Oyl - Urm,Experimental
483,Oyl   Urm,Oyl - Urm,Abstract
483,Oyl   Urm,Oyl - Urm,Techno
483,Oyl   Urm,Oyl - Urm,Sound Collage
484,dentis   Music for the Masses EP,dentis - Music for the Masses EP,Techno
484,dentis   Music for the Masses EP,dentis - Music for the Masses EP,Industrial
486,Forest Drive West   System   Show Them,Forest Drive West - System - Show Them,Techno
487,YOUTH   Katatonic Silentio   Pow Snake,YOUTH - Katatonic Silentio - Pow Snake.mp3,Abstract
487,YOUTH   Katatonic Silentio   Pow Snake,YOUTH - Katatonic Silentio - Pow Snake.mp3,Breaks
487,YOUTH   Katatonic Silentio   Pow Snake,YOUTH - Katatonic Silentio - Pow Snake.mp3,Experimental
487,YOUTH   Katatonic Silentio   Pow Snake,YOUTH - Katatonic Silentio - Pow Snake.mp3,Ambient
487,YOUTH   Katatonic Silentio   Pow Snake,YOUTH - Katatonic Silentio - Pow Snake.mp3,Leftfield
487,YOUTH   Katatonic Silentio   Pow Snake,YOUTH - Katatonic Silentio - Pow Snake.mp3,Illbient
487,YOUTH   Katatonic Silentio   Pow Snake,YOUTH - Katatonic Silentio - Pow Snake.mp3,Grime
489,E Talking   Laksa   Blue 04,E-Talking - Laksa - Blue 04,Techno
489,E Talking   Laksa   Blue 04,E-Talking - Laksa - Blue 04,Breaks
490,Cabasa   Defective,Cabasa - Defective.mp3,Breaks
490,Cabasa   Defective,Cabasa - Defective.mp3,House
490,Cabasa   Defective,Cabasa - Defective.mp3,Ambient
492,Bambounou   Hale,Bambounou - Hale.mp3,Techno
494,Cassius Select   Hype Hour,Cassius Select - Hype Hour.mp3,House
495,PML BEATZ   Pedra de 800 Kg,PML BEATZ - Pedra de 800 Kg,Kuduro
496,Angel Rocket   AM003,Angel Rocket - AM003,Techno
498,SECRET BOYFRIEND   Memory Care Unit,SECRET BOYFRIEND - Memory Care Unit,Ambient
498,SECRET BOYFRIEND   Memory Care Unit,SECRET BOYFRIEND - Memory Care Unit,Drone
498,SECRET BOYFRIEND   Memory Care Unit,SECRET BOYFRIEND - Memory Care Unit,Dark Ambient
499,Silas   Snare   PRESSURE,Silas & Snare - PRESSURE,Bass Music
500,Kashual Plastik   Laure Boer   Agate et la pierre de Sable,Kashual Plastik - Laure Boer - Agate et la pierre de Sable,Experimental
500,Kashual Plastik   Laure Boer   Agate et la pierre de Sable,Kashual Plastik - Laure Boer - Agate et la pierre de Sable,Noise
500,Kashual Plastik   Laure Boer   Agate et la pierre de Sable,Kashual Plastik - Laure Boer - Agate et la pierre de Sable,Neofolk
500,Kashual Plastik   Laure Boer   Agate et la pierre de Sable,Kashual Plastik - Laure Boer - Agate et la pierre de Sable,Electroacoustic
501,Cassius Select   Slang,Cassius Select - Slang,Dubstep
502,Cabasa   Mail Sent EP,Cabasa - Mail Sent EP,Breaks
502,Cabasa   Mail Sent EP,Cabasa - Mail Sent EP,Techno
502,Cabasa   Mail Sent EP,Cabasa - Mail Sent EP,Ambient
503,Headless Horseman   Headless Horseman 007,Headless Horseman - Headless Horseman 007,Techno
503,Headless Horseman   Headless Horseman 007,Headless Horseman - Headless Horseman 007,Industrial
505,SKREAM   Unreleased Classics Vol.1 2003   2003,SKREAM - Unreleased Classics Vol.1 2003 - 2003,Dubstep
506,Avon Terror Corps   Wisecrack   Flesh,Avon Terror Corps - Wisecrack - Flesh.mp3,Industrial
506,Avon Terror Corps   Wisecrack   Flesh,Avon Terror Corps - Wisecrack - Flesh.mp3,Experimental
506,Avon Terror Corps   Wisecrack   Flesh,Avon Terror Corps - Wisecrack - Flesh.mp3,Noise
506,Avon Terror Corps   Wisecrack   Flesh,Avon Terror Corps - Wisecrack - Flesh.mp3,Rhythmic Noise
506,Avon Terror Corps   Wisecrack   Flesh,Avon Terror Corps - Wisecrack - Flesh.mp3,Techno
506,Avon Terror Corps   Wisecrack   Flesh,Avon Terror Corps - Wisecrack - Flesh.mp3,Darkwave
507,Ruutu Poiss   Demosoup,Ruutu Poiss - Demosoup,Leftfield
510,SSIEGE   Firenze Pad   Uomo Luce,SSIEGE - Firenze Pad - Uomo Luce,Ambient
510,SSIEGE   Firenze Pad   Uomo Luce,SSIEGE - Firenze Pad - Uomo Luce,Abstract
511,The Dengie Hundred   Tube ,The Dengie Hundred - Tube (pre-order),Ambient
511,The Dengie Hundred   Tube ,The Dengie Hundred - Tube (pre-order),Experimental
512,Eterno Ritorno   TP010  Eterno Ritorno,Eterno Ritorno - TP010- Eterno Ritorno,Punk
512,Eterno Ritorno   TP010  Eterno Ritorno,Eterno Ritorno - TP010- Eterno Ritorno,Hardcore
516,Joy Orbison   Off Season   Fuerza  HINF8679,Joy Orbison - Off Season - Fuerza -HINF8679,Techno
516,Joy Orbison   Off Season   Fuerza  HINF8679,Joy Orbison - Off Season - Fuerza -HINF8679,Breaks
517,Space Drum Meditation   Space Drum Meditation   SDM004,Space Drum Meditation - Space Drum Meditation - SDM004,Tribal
517,Space Drum Meditation   Space Drum Meditation   SDM004,Space Drum Meditation - Space Drum Meditation - SDM004,Techno
519,At One   Rainfall In Dub,At One - Rainfall In Dub,Synth-pop
520,Compa   Take Control,Compa - Take Control,Dubstep
520,Compa   Take Control,Compa - Take Control,Grime
521,Pugilist   Cha,Pugilist - Cha.mp3,Dubstep
522,DJ Normal 4   BFDM009   MENTAL COMMAND TERROR,DJ Normal 4 - BFDM009 - MENTAL COMMAND TERROR,Breakbeat
522,DJ Normal 4   BFDM009   MENTAL COMMAND TERROR,DJ Normal 4 - BFDM009 - MENTAL COMMAND TERROR,Trance
522,DJ Normal 4   BFDM009   MENTAL COMMAND TERROR,DJ Normal 4 - BFDM009 - MENTAL COMMAND TERROR,Tribal
524,Twins   Nothing Left,Twins - Nothing Left,Synth-pop
524,Twins   Nothing Left,Twins - Nothing Left,New Wave
524,Twins   Nothing Left,Twins - Nothing Left,New Beat
524,Twins   Nothing Left,Twins - Nothing Left,House
524,Twins   Nothing Left,Twins - Nothing Left,Acid
524,Twins   Nothing Left,Twins - Nothing Left,Industrial
525,Perc   Before I Go,Perc - Before I Go.mp3,Techno
526,DJ NERVOSO   DJ Nervoso,DJ NERVOSO - DJ Nervoso,House
526,DJ NERVOSO   DJ Nervoso,DJ NERVOSO - DJ Nervoso,Techno
526,DJ NERVOSO   DJ Nervoso,DJ NERVOSO - DJ Nervoso,Kuduro
527,Intel Mercenary   Wilted Woman   IMWW,Intel Mercenary - Wilted Woman - IMWW,Experimental
527,Intel Mercenary   Wilted Woman   IMWW,Intel Mercenary - Wilted Woman - IMWW,Ambient
527,Intel Mercenary   Wilted Woman   IMWW,Intel Mercenary - Wilted Woman - IMWW,Techno
528,Sebastiano Carghini   tpeso,Sebastiano Carghini - tpeso,Abstract
528,Sebastiano Carghini   tpeso,Sebastiano Carghini - tpeso,Experimental
529,Rorschac   Lolophophora,Rorschac - Lolophophora,Abstract
529,Rorschac   Lolophophora,Rorschac - Lolophophora,Field Recording
529,Rorschac   Lolophophora,Rorschac - Lolophophora,Neo-Classical
531,Ansome   Penny   Pound EP,Ansome - Penny & Pound EP,Techno
533,John T. Gast   KINGS X   EXTENDED MIX,John T. Gast - KINGS X - EXTENDED MIX,Dub
533,John T. Gast   KINGS X   EXTENDED MIX,John T. Gast - KINGS X - EXTENDED MIX,Techno
534,Pangaea   You Know Whats Up,Pangaea - You Know What's Up.mp3,Techno
534,Pangaea   You Know Whats Up,Pangaea - You Know What's Up.mp3,House
535,Delroy Edwards   4 Club Use Only ,Delroy Edwards - 4 Club Use Only (L.I.E.S),House
535,Delroy Edwards   4 Club Use Only ,Delroy Edwards - 4 Club Use Only (L.I.E.S),Techno
536,Gesloten Cirkel   M 011,Gesloten Cirkel - M-011,Acid House
536,Gesloten Cirkel   M 011,Gesloten Cirkel - M-011,Techno
536,Gesloten Cirkel   M 011,Gesloten Cirkel - M-011,Electro
537,Perc   My Head Is Slowly Exploding,Perc - My Head Is Slowly Exploding.mp3,Techno
538,Neinzer   Deff,Neinzer - Deff.mp3,Techno
538,Neinzer   Deff,Neinzer - Deff.mp3,Abstract
538,Neinzer   Deff,Neinzer - Deff.mp3,Breakbeat
538,Neinzer   Deff,Neinzer - Deff.mp3,Ambient
539,King Doudou   Cachetona,King Doudou - Cachetona.mp3,Breaks
539,King Doudou   Cachetona,King Doudou - Cachetona.mp3,Experimental
539,King Doudou   Cachetona,King Doudou - Cachetona.mp3,Breakcore
539,King Doudou   Cachetona,King Doudou - Cachetona.mp3,Ragga HipHop
540,Job Sifre   Het Bestaan,Job Sifre - Het Bestaan,EBM
540,Job Sifre   Het Bestaan,Job Sifre - Het Bestaan,Electro
540,Job Sifre   Het Bestaan,Job Sifre - Het Bestaan,New Wave
541,The saturnian system   The sequel  ,The saturnian system - The sequel (2017) (flac),Electro
541,The saturnian system   The sequel  ,The saturnian system - The sequel (2017) (flac),Acid
541,The saturnian system   The sequel  ,The saturnian system - The sequel (2017) (flac),Techno
542,Ninja Exotic Machine   Wokatikitanku Ep,Ninja Exotic Machine - Wokatikitanku Ep,Tribal
542,Ninja Exotic Machine   Wokatikitanku Ep,Ninja Exotic Machine - Wokatikitanku Ep,Downtempo
542,Ninja Exotic Machine   Wokatikitanku Ep,Ninja Exotic Machine - Wokatikitanku Ep,Tribal House
542,Ninja Exotic Machine   Wokatikitanku Ep,Ninja Exotic Machine - Wokatikitanku Ep,Broken Beat
543,Breaka   004   Rorys Theme   Puffer Jackets,Breaka - 004 - Rory's Theme - Puffer Jackets,Bass Music
543,Breaka   004   Rorys Theme   Puffer Jackets,Breaka - 004 - Rory's Theme - Puffer Jackets,Deep House
543,Breaka   004   Rorys Theme   Puffer Jackets,Breaka - 004 - Rory's Theme - Puffer Jackets,Breaks
544,Tropicantesimo   Tropicantesimo Session 1,Tropicantesimo - Tropicantesimo Session 1,Ambient
544,Tropicantesimo   Tropicantesimo Session 1,Tropicantesimo - Tropicantesimo Session 1,Dub
544,Tropicantesimo   Tropicantesimo Session 1,Tropicantesimo - Tropicantesimo Session 1,Tropical House
544,Tropicantesimo   Tropicantesimo Session 1,Tropicantesimo - Tropicantesimo Session 1,Synth-pop
545,Overmono   Diamond Cut   Bby,Overmono - Diamond Cut - Bby,UK Garage
545,Overmono   Diamond Cut   Bby,Overmono - Diamond Cut - Bby,Breakbeat
546,Space Afrika   hybtwibt,Space Afrika - hybtwibt,Abstract
546,Space Afrika   hybtwibt,Space Afrika - hybtwibt,Experimental
546,Space Afrika   hybtwibt,Space Afrika - hybtwibt,Ambient
546,Space Afrika   hybtwibt,Space Afrika - hybtwibt,Dub
546,Space Afrika   hybtwibt,Space Afrika - hybtwibt,Leftfield
547,Greg Beato   When Monkeys Attack  ,Greg Beato - When Monkeys Attack (2015) [FLAC],House
547,Greg Beato   When Monkeys Attack  ,Greg Beato - When Monkeys Attack (2015) [FLAC],Techno
548,Jay Daniel   2013   Scorpio Rising EP,Jay Daniel - 2013 - Scorpio Rising EP,House
548,Jay Daniel   2013   Scorpio Rising EP,Jay Daniel - 2013 - Scorpio Rising EP,Deep House
549,King Doudou   Novinha   Tremendo Bumbum,King Doudou - Novinha - Tremendo Bumbum,Reggaeton
549,King Doudou   Novinha   Tremendo Bumbum,King Doudou - Novinha - Tremendo Bumbum,Trap
549,King Doudou   Novinha   Tremendo Bumbum,King Doudou - Novinha - Tremendo Bumbum,Industrial
550,Donato Dozzy   The Tao,Donato Dozzy - The Tao,Drum n Bass
550,Donato Dozzy   The Tao,Donato Dozzy - The Tao,Techno
550,Donato Dozzy   The Tao,Donato Dozzy - The Tao,Experimental
551,Human Resources   BAM001,Human Resources - BAM001,Breakbeat
551,Human Resources   BAM001,Human Resources - BAM001,Bassline
551,Human Resources   BAM001,Human Resources - BAM001,Techno
551,Human Resources   BAM001,Human Resources - BAM001,Electro
553,Beau Wanzer   Kitchen Clock,Beau Wanzer - Kitchen Clock.mp3,Industrial
553,Beau Wanzer   Kitchen Clock,Beau Wanzer - Kitchen Clock.mp3,Techno
554,Big Hands   Baroque Sunburst EP  BSUN001,Big Hands - Baroque Sunburst EP -BSUN001,Leftfield
554,Big Hands   Baroque Sunburst EP  BSUN001,Big Hands - Baroque Sunburst EP -BSUN001,Electro
554,Big Hands   Baroque Sunburst EP  BSUN001,Big Hands - Baroque Sunburst EP -BSUN001,Dub Techno
554,Big Hands   Baroque Sunburst EP  BSUN001,Big Hands - Baroque Sunburst EP -BSUN001,IDM
555,Loefah   Coki   Disco Rekah   All of a Sudden,Loefah & Coki - Disco Rekah - All of a Sudden,Dubstep
556,Nah Eeto   Sumgii   Wanawake,Nah Eeto & Sumgii - Wanawake,Hip Hop
556,Nah Eeto   Sumgii   Wanawake,Nah Eeto & Sumgii - Wanawake,Bass Music
557,Dumb Hummer All The Time ,Dumb Hummer_All The Time [Livity Sound],Techno
557,Dumb Hummer All The Time ,Dumb Hummer_All The Time [Livity Sound],Leftfield
560,Junior Loves   2020   Yantlet   Grain,Junior Loves - 2020 - Yantlet - Grain,Dub
561,Luca Lozano   Inner Peace EP,Luca Lozano - Inner Peace EP,House
561,Luca Lozano   Inner Peace EP,Luca Lozano - Inner Peace EP,Breakbeat
561,Luca Lozano   Inner Peace EP,Luca Lozano - Inner Peace EP,Downtempo
561,Luca Lozano   Inner Peace EP,Luca Lozano - Inner Peace EP,Deep House
561,Luca Lozano   Inner Peace EP,Luca Lozano - Inner Peace EP,Bleep
562,Lava Dome   MAGMA,Lava Dome - MAGMA,Post Rock
562,Lava Dome   MAGMA,Lava Dome - MAGMA,Experimental
563,Space Drum Meditation   SDM003,Space_Drum_Meditation - SDM003,Tribal
563,Space Drum Meditation   SDM003,Space_Drum_Meditation - SDM003,Experimental
563,Space Drum Meditation   SDM003,Space_Drum_Meditation - SDM003,Techno
564, Forest Drive West   static   escape,[2017] Forest Drive West - static - escape,Techno
565,Luca Lozano   Summer Of Love EP,Luca Lozano - Summer Of Love EP,House
566,I iii   Dolce  Bun So Nude ,I-iii - Dolce  Bun So Nude [LIVITY027],House
566,I iii   Dolce  Bun So Nude ,I-iii - Dolce  Bun So Nude [LIVITY027],Techno
567,Qant   Transgressive ,Qant - Transgressive (VIBEZLTD93002),Drum n Bass
567,Qant   Transgressive ,Qant - Transgressive (VIBEZLTD93002),Jungle
568,O$VMV$M   Manonmars   In Colour Instrumentals,O$VMV$M - Manonmars - In Colour Instrumentals,Ambient
568,O$VMV$M   Manonmars   In Colour Instrumentals,O$VMV$M - Manonmars - In Colour Instrumentals,Bass Music
568,O$VMV$M   Manonmars   In Colour Instrumentals,O$VMV$M - Manonmars - In Colour Instrumentals,Trip Hop
568,O$VMV$M   Manonmars   In Colour Instrumentals,O$VMV$M - Manonmars - In Colour Instrumentals,Screw
568,O$VMV$M   Manonmars   In Colour Instrumentals,O$VMV$M - Manonmars - In Colour Instrumentals,Instrumental
568,O$VMV$M   Manonmars   In Colour Instrumentals,O$VMV$M - Manonmars - In Colour Instrumentals,Illbient
569,Tafi All Stars   Outside Rhythm,Tafi All Stars - Outside Rhythm,African
569,Tafi All Stars   Outside Rhythm,Tafi All Stars - Outside Rhythm,Dub
570,Whitney K   Two Years,Whitney K - Two Years,Folk Rock
570,Whitney K   Two Years,Whitney K - Two Years,Country Rock
570,Whitney K   Two Years,Whitney K - Two Years,Post-Punk
571,Laughter of Saints   Kekuasaan,Laughter of Saints - Kekuasaan.mp3,Avantgarde
571,Laughter of Saints   Kekuasaan,Laughter of Saints - Kekuasaan.mp3,Experimental
573,Low Jack   Jingles du Lieu dit,Low Jack - Jingles_du_Lieu-dit,Dancehall
573,Low Jack   Jingles du Lieu dit,Low Jack - Jingles_du_Lieu-dit,Industrial
573,Low Jack   Jingles du Lieu dit,Low Jack - Jingles_du_Lieu-dit,Breakbeat
574,King Doudou   SURRENDER,King Doudou - SURRENDER,Dancehall
576,Pangaea   Bone Sucka ,Pangaea - Bone Sucka [HES033],Breakbeat
576,Pangaea   Bone Sucka ,Pangaea - Bone Sucka [HES033],Techno
577,Slacker   Damage To Be Undone,Slacker - Damage To Be Undone,Techno
577,Slacker   Damage To Be Undone,Slacker - Damage To Be Undone,Ambient
577,Slacker   Damage To Be Undone,Slacker - Damage To Be Undone,Jungle
580,Pearson Sound   Thaw Cycle,Pearson Sound - Thaw Cycle,House
581,Atoloi   Papier dArmenie,Atoloi - Papier d'Armenie,Techno
581,Atoloi   Papier dArmenie,Atoloi - Papier d'Armenie,Ambient
581,Atoloi   Papier dArmenie,Atoloi - Papier d'Armenie,Experimental
582,Notte Brigante   Stranger Than Dub EP,Notte Brigante - Stranger Than Dub EP,Industrial
582,Notte Brigante   Stranger Than Dub EP,Notte Brigante - Stranger Than Dub EP,Dub
582,Notte Brigante   Stranger Than Dub EP,Notte Brigante - Stranger Than Dub EP,Experimental
583,Batu   Murmur,Batu - Murmur,Techno
584,DJ JM   Cosa Nostra,DJ JM - Cosa Nostra,Techno
584,DJ JM   Cosa Nostra,DJ JM - Cosa Nostra,Tribal
587,Hodge   No Single Thing,Hodge - No Single Thing,Techno
587,Hodge   No Single Thing,Hodge - No Single Thing,Tribal
588,TMSV   Jungle  Vol. 3,TMSV - Jungle- Vol. 3,Jungle
588,TMSV   Jungle  Vol. 3,TMSV - Jungle- Vol. 3,Drum n Bass
589,Sikka Rymes   Love Di People EP,Sikka Rymes - Love Di People EP,Dancehall
589,Sikka Rymes   Love Di People EP,Sikka Rymes - Love Di People EP,Experimental
589,Sikka Rymes   Love Di People EP,Sikka Rymes - Love Di People EP,Bassline
590,Madteo   Sensational   Special Offer,Madteo & Sensational - Special Offer,Leftfield
590,Madteo   Sensational   Special Offer,Madteo & Sensational - Special Offer,Hip Hop
590,Madteo   Sensational   Special Offer,Madteo & Sensational - Special Offer,Disco
591,Metal Preyers   Peppa,Metal Preyers - Peppa.mp3,Experimental
593,Various   The Architects   Volume One,Various - The Architects - Volume One,Dubstep
594,Pearson Sound   Rubble ,Pearson Sound - Rubble [PEARS3],Techno
595,Beneath   Seeus ,Beneath - Seeus [2017],Tribal
595,Beneath   Seeus ,Beneath - Seeus [2017],Techno
597,Lo Kindre   Chlorophytum,Lo Kindre - Chlorophytum,Experimental
597,Lo Kindre   Chlorophytum,Lo Kindre - Chlorophytum,Dub
597,Lo Kindre   Chlorophytum,Lo Kindre - Chlorophytum,Leftfield
597,Lo Kindre   Chlorophytum,Lo Kindre - Chlorophytum,Drone
598,Forest Drive West   Dualism ep  ,Forest Drive West - Dualism ep (2021) (flac),Dub Techno
598,Forest Drive West   Dualism ep  ,Forest Drive West - Dualism ep (2021) (flac),Techno
599, J Kenzo   Ruffhouse VIP ,[RUFFHOUSEVIP001] J-Kenzo - Ruffhouse VIP (2021),Dubstep
600,Kinlaw   Franco Franco   Crocs on the Plough,Kinlaw & Franco Franco - Crocs on the Plough,Post-Punk
600,Kinlaw   Franco Franco   Crocs on the Plough,Kinlaw & Franco Franco - Crocs on the Plough,Industrial
600,Kinlaw   Franco Franco   Crocs on the Plough,Kinlaw & Franco Franco - Crocs on the Plough,Experimental
600,Kinlaw   Franco Franco   Crocs on the Plough,Kinlaw & Franco Franco - Crocs on the Plough,Dub
601,EGOLESS   Solidarity in Dub,EGOLESS - Solidarity in Dub,Dub
602,Pugilist   Pugilist   Another Channel   Fight Authority   Seek Truth,Pugilist - Pugilist & Another Channel - Fight Authority - Seek Truth,Dub
603,Blade   Outlook EP ,Blade - Outlook EP [FLAC 2020],Drum n Bass
603,Blade   Outlook EP ,Blade - Outlook EP [FLAC 2020],Jungle
605, DPRTNDRP   What Ya Mean ,[IFS018] DPRTNDRP - What Ya Mean (2020),Dubstep
606,Forest Drive West   Blue 05  ,Forest Drive West - Blue 05 (2019) (flac),Experimental
606,Forest Drive West   Blue 05  ,Forest Drive West - Blue 05 (2019) (flac),Techno
607,Fredo Santana   Fredo Kruger 2,Fredo Santana - Fredo Kruger 2,Trap
608,Anthony Naples   Fog FM ,Anthony Naples - Fog FM (2019),Techno
608,Anthony Naples   Fog FM ,Anthony Naples - Fog FM (2019),Tech House
608,Anthony Naples   Fog FM ,Anthony Naples - Fog FM (2019),House
608,Anthony Naples   Fog FM ,Anthony Naples - Fog FM (2019),Ambient
608,Anthony Naples   Fog FM ,Anthony Naples - Fog FM (2019),Deep House
609,DJ Brittle   Aleatoric Sampling System Vol. 1,DJ Brittle - Aleatoric Sampling System Vol. 1,Plunderphonics
610,Loefah   Natural Charge Crack Bong Rmx,Loefah - Natural Charge_Crack Bong Rmx,Dubstep
611,Mikey General   Only Jah Know,Mikey General - Only Jah Know,Roots Reggae
613,Alex Coulton   Recall Wiretap,Alex Coulton - Recall_Wiretap,Dubstep
613,Alex Coulton   Recall Wiretap,Alex Coulton - Recall_Wiretap,Experimental
614, J Kenzo   Shark Eye   Asutoraru,(ARTKL028) J-Kenzo - Shark Eye - Asutoraru,Dubstep
615,RSD   Jah Way   Speeka Box ,RSD - Jah Way & Speeka Box [drunk 008],Dubstep
616,Quartz   Alchemy Burn ,Quartz - Alchemy Burn [System Music],Dubstep
617,TMSV   Jungle  Vol. 2,TMSV - Jungle- Vol. 2,Jungle
617,TMSV   Jungle  Vol. 2,TMSV - Jungle- Vol. 2,Drum n Bass
618, dub across borders   black lake lack blake,[45719] dub across borders - black lake-lack blake,Jungle
618, dub across borders   black lake lack blake,[45719] dub across borders - black lake-lack blake,Dub
618, dub across borders   black lake lack blake,[45719] dub across borders - black lake-lack blake,Roots Reggae
619,TMSV   Jungle  Vol. 1,TMSV - Jungle- Vol. 1,Drum n Bass
619,TMSV   Jungle  Vol. 1,TMSV - Jungle- Vol. 1,Jungle
620,Luca Lozano + Mr. Ho   Visions of Rhythm 2,Luca Lozano + Mr. Ho - Visions of Rhythm 2,Deep House
620,Luca Lozano + Mr. Ho   Visions of Rhythm 2,Luca Lozano + Mr. Ho - Visions of Rhythm 2,House
620,Luca Lozano + Mr. Ho   Visions of Rhythm 2,Luca Lozano + Mr. Ho - Visions of Rhythm 2,Breakbeat
620,Luca Lozano + Mr. Ho   Visions of Rhythm 2,Luca Lozano + Mr. Ho - Visions of Rhythm 2,Downtempo
621,Forest Drive West   Terminus ep  ,Forest Drive West - Terminus ep (2020) (flac),Techno
621,Forest Drive West   Terminus ep  ,Forest Drive West - Terminus ep (2020) (flac),Drum n Bass
623,Ploy   Intrigued By The Drum  ,Ploy - Intrigued By The Drum [2017] [EP],Tribal
623,Ploy   Intrigued By The Drum  ,Ploy - Intrigued By The Drum [2017] [EP],Techno
624,XIII   Permanent Rain,XIII - Permanent Rain,Ethereal
624,XIII   Permanent Rain,XIII - Permanent Rain,Neofolk
624,XIII   Permanent Rain,XIII - Permanent Rain,Dub
624,XIII   Permanent Rain,XIII - Permanent Rain,Ambient
625,Equation ep ,Equation ep (2013),House
626,Filter Dread   Space Beams EP,Filter Dread - Space Beams EP,Breakbeat
626,Filter Dread   Space Beams EP,Filter Dread - Space Beams EP,Drum n Bass
626,Filter Dread   Space Beams EP,Filter Dread - Space Beams EP,Grime
627,Odd Person   Myths of the Crystal Plateau,Odd Person - Myths of the Crystal Plateau,Tribal
627,Odd Person   Myths of the Crystal Plateau,Odd Person - Myths of the Crystal Plateau,New Age
627,Odd Person   Myths of the Crystal Plateau,Odd Person - Myths of the Crystal Plateau,Experimental
628,Chaos in the CBD   Orange Blank Green Dove,Chaos in the CBD - Orange Blank Green Dove,House
628,Chaos in the CBD   Orange Blank Green Dove,Chaos in the CBD - Orange Blank Green Dove,Balearic
628,Chaos in the CBD   Orange Blank Green Dove,Chaos in the CBD - Orange Blank Green Dove,Acid House
629,memotone   How Was Your Life,memotone - How Was Your Life,Balearic
629,memotone   How Was Your Life,memotone - How Was Your Life,Ambient
629,memotone   How Was Your Life,memotone - How Was Your Life,Experimental
629,memotone   How Was Your Life,memotone - How Was Your Life,Neofolk
629,memotone   How Was Your Life,memotone - How Was Your Life,Neopagan
630,Alex Coulton   Bleep Sequence   Tension,Alex Coulton - Bleep Sequence - Tension,Bass Music
630,Alex Coulton   Bleep Sequence   Tension,Alex Coulton - Bleep Sequence - Tension,Techno
630,Alex Coulton   Bleep Sequence   Tension,Alex Coulton - Bleep Sequence - Tension,House
630,Alex Coulton   Bleep Sequence   Tension,Alex Coulton - Bleep Sequence - Tension,UK Garage
631,Giggs   Big Bad ,Giggs - Big Bad (2019),
632,Loop LF   Natural XT,Loop LF - Natural XT,Minimal Techno
632,Loop LF   Natural XT,Loop LF - Natural XT,Glitch
632,Loop LF   Natural XT,Loop LF - Natural XT,Drum n Bass
632,Loop LF   Natural XT,Loop LF - Natural XT,Leftfield
633,boli group   boli group   The Jutlandia Quartets,boli group - boli group - The Jutlandia Quartets,Modern Classical
633,boli group   boli group   The Jutlandia Quartets,boli group - boli group - The Jutlandia Quartets,Experimental
634,Dj Metatron   Loops of Infinity ,Dj Metatron - Loops of Infinity (A Rave Loveletter),Ambient
634,Dj Metatron   Loops of Infinity ,Dj Metatron - Loops of Infinity (A Rave Loveletter),Breakbeat
634,Dj Metatron   Loops of Infinity ,Dj Metatron - Loops of Infinity (A Rave Loveletter),Breaks
634,Dj Metatron   Loops of Infinity ,Dj Metatron - Loops of Infinity (A Rave Loveletter),Techno
634,Dj Metatron   Loops of Infinity ,Dj Metatron - Loops of Infinity (A Rave Loveletter),Neo Trance
634,Dj Metatron   Loops of Infinity ,Dj Metatron - Loops of Infinity (A Rave Loveletter),Trance
635,Loop LF   Stepping Back EP  ,Loop LF - Stepping Back EP (Wall Street) [320k],Broken Beat
635,Loop LF   Stepping Back EP  ,Loop LF - Stepping Back EP (Wall Street) [320k],House
635,Loop LF   Stepping Back EP  ,Loop LF - Stepping Back EP (Wall Street) [320k],Techno
637,Loop LF   Drifting Forwards,Loop LF - Drifting Forwards,Dub Techno
637,Loop LF   Drifting Forwards,Loop LF - Drifting Forwards,Techno
637,Loop LF   Drifting Forwards,Loop LF - Drifting Forwards,Breakbeat
637,Loop LF   Drifting Forwards,Loop LF - Drifting Forwards,Experimental
639,Cop Envy   Total End ,Cop Envy - Total End (2016),Techno
641,downstairs J   basement  etc,downstairs J - basement- etc,Trip Hop
641,downstairs J   basement  etc,downstairs J - basement- etc,Downtempo
641,downstairs J   basement  etc,downstairs J - basement- etc,Acid House
642,Sindrome   LAURA,Sindrome - LAURA,Techno
642,Sindrome   LAURA,Sindrome - LAURA,Electro
642,Sindrome   LAURA,Sindrome - LAURA,Experimental
643,Iris   The Green Domain,Iris - The Green Domain,
644,Dj Psychiatre   Never Complain ,Dj Psychiatre - Never Complain (Lost Palms),Deep House
644,Dj Psychiatre   Never Complain ,Dj Psychiatre - Never Complain (Lost Palms),House
645, Gesloten Cirkel   Gesloten Cirkel,[2009] Gesloten Cirkel - Gesloten Cirkel,House
645, Gesloten Cirkel   Gesloten Cirkel,[2009] Gesloten Cirkel - Gesloten Cirkel,Electro
645, Gesloten Cirkel   Gesloten Cirkel,[2009] Gesloten Cirkel - Gesloten Cirkel,Acid
645, Gesloten Cirkel   Gesloten Cirkel,[2009] Gesloten Cirkel - Gesloten Cirkel,Techno
646,James Blake   If The Car Beside You Moves Ahead,James Blake - If The Car Beside You Moves Ahead,Experimental
646,James Blake   If The Car Beside You Moves Ahead,James Blake - If The Car Beside You Moves Ahead,Glitch
648,RSD Corner Dub    Pretty Bright Light ,RSD-Corner_Dub_(Blue_and_Red_Mix)_&_Pretty_Bright_Light-(DRUNK003),Dubstep
649,Minor Science   Whities 008  ,Minor Science - Whities 008 [Ep] (2016),Techno
650, Dj Jubilee   Eternal Dark ,(1997) Dj Jubilee - Eternal Dark (Unknown Grouping),Jungle
