,title,path,style,genres
0,SPIRINET   ENERGY FORMULA  KHT007,SPIRINET - ENERGY FORMULA -KHT007,['House'],['Pop']
1,Babe Roots  Kojo Neatness   Be Still   Rawness,Babe Roots feat Kojo Neatness - Be Still - Rawness,"['Dub', 'Dub Techno', 'Dubstep']","['Electronic', 'Reggae']"
3,Jay Glass Dubs   Epitaph,Jay Glass Dubs - Epitaph,"['Dub', 'Dancehall', 'Experimental', 'Industrial', 'Trip Hop', 'Leftfield']","['Electronic', 'Reggae']"
5,Pearson Sound X Clara!   Mi Cuerpo,Pearson Sound X Clara! - Mi Cuerpo,"['Reggaeton', 'House', 'Dubstep']","['Electronic', 'Latin']"
6,DJ Seinfeld   Time Spent Away From U,DJ Seinfeld - Time Spent Away From U,['House'],['Electronic']
8,Various Artists   Pho Beat Bazar Vol. 1,Various Artists - Pho Beat Bazar Vol. 1,"['Downtempo', 'Tribal']",['Electronic']
9,Mala   Miracles   New Life ,Mala - Miracles - New Life (Baby Paris),"['Dubstep', 'Dub']",['Electronic']
10,Kinlaw   Franco Franco   Mezzi Umani Mezze Macchine,Kinlaw & Franco Franco - Mezzi Umani Mezze Macchine,"['Trap', 'Industrial', 'Post-Punk']","['Electronic', 'Hip Hop']"
12,Motion Ward   Perpetual,Motion Ward - Perpetual.mp3,"['Soul', 'Rhythm & Blues', 'Garage Rock']","['Rock', 'Funk / Soul']"
13,Anunaku   DJ Plead   032,Anunaku & DJ Plead - 032,"['Breakbeat', 'Tribal', 'Techno']",['Electronic']
14,Wedding Acid Group   Easid Bits EP,Wedding Acid Group - Easid Bits EP,"['Acid', 'IDM', 'Techno']",['Electronic']
15,JOSI DEVIL   JDS WOURLD  002,JOSI DEVIL - JD'S WOURLD- 002,['Dubstep'],['Electronic']
16, OH91   Skanks EP ,[WPR008] OH91 - Skanks EP (2016),"['Grime', 'UK Garage']",['Electronic']
17,Kahn   Illy,Kahn - Illy,['Dubstep'],['Electronic']
19,Tzusing   東方不敗,Tzusing - 東方不敗,"['Techno', 'EBM']",['Electronic']
20,Adriano Cava   Transient,Adriano Cava - Transient,['Abstract'],['Electronic']
21,Beau Wanzer   Untitled,Beau Wanzer - Untitled,"['Electro', 'Industrial', 'Leftfield']",['Electronic']
22,MEDI64 Kahn   Dread   Late Night Blues,MEDI64 Kahn - Dread & Late Night Blues,['Dubstep'],['Electronic']
23,SPORTS 3,SPORTS 3,['Pop Rock'],['Rock']
24,OL   Dismeteo,OL - Dismeteo,"['Dub', 'Ambient', 'Leftfield', 'Techno']",['Electronic']
25,Killing Sound   Pass This Version On,Killing Sound - Pass This Version On,['Trip Hop'],['Electronic']
27,YOKEL   Smell of Deer,YOKEL - Smell of Deer,['Abstract'],['Electronic']
28,XXIII   XXIII   VOLUME 7,XXIII - XXIII - VOLUME 7,['Renaissance'],['Classical']
29,Walton   Abyss EP,Walton - Abyss EP,"['Grime', 'Techno', 'Dubstep']",['Electronic']
30,No Vacancy   No Vacancy,No Vacancy - No Vacancy,"['Disco', 'House']","['Electronic', 'Pop']"
31,ONO   Red Summer,ONO - Red Summer,"['Gospel', 'Industrial', 'Noise']","['Electronic', 'Funk / Soul', 'Blues', 'Non-Music']"
32,UVB76 027,UVB76-027,"['Drum n Bass', 'Techno', 'Halftime']",['Electronic']
33,Hotline Recordings   Ishan Sound   A Wa Yu Want,Hotline Recordings - Ishan Sound - A Wa Yu Want,"['Dubstep', 'Grime', 'Ragga', 'Dancehall']",['Electronic']
34,Low Jack   Jingles du Lieu dit,Low Jack - Jingles du Lieu-dit,"['Dancehall', 'Industrial', 'Breakbeat']","['Electronic', 'Reggae']"
37,Ruff Hysteria,Ruff Hysteria,['House'],['Electronic']
38,Batu   Batu   Numen   Cazz,Batu - Batu - Numen - Cazz,['Techno'],['Electronic']
39,Beneath   Beneath   Seeus   Ovaride,Beneath - Beneath - Seeus - Ovaride,"['Tribal', 'Techno']",['Electronic']
40,Secret Rave   01,Secret Rave - 01,"['Techno', 'Breaks', 'Hardcore']",['Electronic']
42,Loefah   Horror Show,Loefah - Horror Show.mp3,['Dubstep'],['Electronic']
43,Notte Infinita   I Lost All My Data,Notte Infinita - I Lost All My Data,"['Techno', 'Dubstep']",['Electronic']
44,Reflex Blue   Gotham EP,Reflex Blue - Gotham EP,"['House', 'Progressive House', 'Bass Music']",['Electronic']
46,Borai   Borai   Anybody From London EP,Borai - Borai - Anybody From London EP,"['Breakbeat', 'Jungle', 'Techno']",['Electronic']
50,Pendant   Make Me Know You Sweet ,Pendant - Make Me Know You Sweet (OUEST099),"['Ambient', 'Experimental']",['Electronic']
51,Commodo   Commodo   F ck Mountain   Good Grief,Commodo - Commodo - F_ck Mountain - Good Grief,['Dubstep'],['Electronic']
52,Ancient Plastix   S T,Ancient Plastix - S-T,"['Ambient', 'New Age', 'Experimental', 'IDM']",['Electronic']
54,Joe   Get Centred,Joe - Get Centred,['Techno'],['Electronic']
55,Lurka   Stush   Wrapped Up,Lurka - Stush - Wrapped Up,"['Grime', 'Techno']",['Electronic']
56,James Shinra   Meteor EP,James Shinra - Meteor EP,"['Acid', 'Electro', 'IDM']",['Electronic']
57,Hi5Ghost   Hi5Ghost   No Sleep   Peder Mannerfelt Remix,Hi5Ghost - Hi5Ghost - No Sleep - Peder Mannerfelt Remix,['Grime'],['Electronic']
58,Hodge   Hodge   Mind Games   Flashback,Hodge - Hodge - Mind Games - Flashback,['Techno'],['Electronic']
59,Secret Rave   SECRET RAVE 01,Secret Rave - SECRET RAVE 01,"['Techno', 'Breaks', 'Hardcore']",['Electronic']
60,Lurka   Clean,Lurka - Clean.mp3,"['Techno', 'House', 'Downtempo']",['Electronic']
62,Caucenus   REZAS,Caucenus - REZAS,['Experimental'],['Electronic']
63,Group Zero   Everyone’s Already Come Apart,Group Zero - Everyone’s Already Come Apart,"['Downtempo', 'Experimental', 'House', 'Leftfield', 'Ambient']",['Electronic']
64,XXIII   XXIII   VOLUME 8,XXIII - XXIII - VOLUME 8,"['Prog Rock', 'Art Rock', 'Classic Rock']",['Rock']
65,Lurka   Rhythm Hi Tek,Lurka - Rhythm Hi-Tek,"['Grime', 'Hard Techno', 'Bass Music', 'Deconstructed Club', 'Abstract', 'Bleep', 'Dubstep', 'Dancehall', 'Bassline']",['Electronic']
66,Hotline Recordings   G36   No Escape   Black Mass,Hotline Recordings - G36 - No Escape - Black Mass,"['Dubstep', 'Dub', 'Industrial']","['Electronic', 'Reggae']"
67,Kahn   Neek   Kahn   Neek   Backchat   Dubchat,Kahn & Neek - Kahn & Neek - Backchat - Dubchat,"['Grime', 'Ghetto', 'Dancehall']","['Electronic', 'Reggae']"
68,Ats   Slack,Ats - Slack,['Electro'],['Electronic']
69,Parris   2 Vultures EP,Parris - 2 Vultures EP,"['Dub', 'Techno']",['Electronic']
70,Bearer   Bone,Bearer - Bone.mp3,"['Dub', 'Experimental']",['Electronic']
71,Alien + B12 Remix   Unreleased 96 00,Alien + B12 Remix - Unreleased 96-00,"['IDM', 'Ambient', 'Experimental', 'Breaks']",['Electronic']
72,XXIII   XXIII   VOLUME 6,XXIII - XXIII - VOLUME 6,['Renaissance'],['Classical']
73,PALEMAN   PLMN001,PALEMAN - PLMN001,"['Techno', 'Bass Music']",['Electronic']
74,Trev   Of The Sorcerer,Trev - Of The Sorcerer.mp3,['Broken Beat'],['Electronic']
75,Hotline Recordings   Gantz   Tut Tut Situation   Love   Acid,Hotline Recordings - Gantz - Tut Tut Situation - Love & Acid,['Experimental'],['Electronic']
76,The Humble Bee   Light Trespassing,The Humble Bee - Light Trespassing,"['Electroacoustic', 'Abstract', 'Ambient']",['Electronic']
77,XXIII   XXIII   VOLUME 1,XXIII - XXIII - VOLUME 1,['Renaissance'],['Classical']
78,Dubkasm ft Rider Shafique ,Dubkasm ft Rider Shafique (Egoless remix),"['Roots Reggae', 'Dub']",['Reggae']
79,JoeFarr   Longanimity EP,JoeFarr - Longanimity EP,"['Techno', 'Broken Beat']",['Electronic']
80,Revelation Man   Medieval Massage,Revelation Man - Medieval Massage,['Disco'],['Electronic']
81,Tony Boy   Umile  ,Tony Boy - Umile (Deluxe) [Explicit],['Trap'],['Hip Hop']
82,Ishan Sound   RIder Shafique   Ishan Sound Vs Rider Shafique,Ishan Sound & RIder Shafique - Ishan Sound Vs Rider Shafique,"['Dub', 'Dubstep']","['Electronic', 'Reggae']"
83,SSIEGE   Meteora,SSIEGE - Meteora,"['Ambient', 'Experimental', 'IDM', 'Leftfield', 'Synth-pop']","['Electronic', 'Rock', 'Pop']"
85,Data Assault   ND006   Black Earth EP,Data Assault - ND006 - Black Earth EP,['Electro'],['Electronic']
86,Audrey   Spanka Clawz,Audrey - Spanka Clawz.mp3,"['Acid', 'Electro', 'Breaks', 'Techno']",['Electronic']
87,Mr.K   Red Handed,Mr.K - Red Handed,['Dubstep'],['Electronic']
88,slowthai   Runt,slowthai - Runt,['Grime'],['Hip Hop']
89,Dave Saved   Power and Silence  Deindustrialization,Dave Saved - Power and Silence- Deindustrialization,['Experimental'],['Electronic']
90,keysound recordings   Strings Hoe ,keysound recordings - Strings Hoe (Wen refix),"['Grime', 'Tribal House']",['Electronic']
91,Via Maris   Lekky   Hiblrr,Via Maris - Lekky - Hiblrr,"['Techno', 'Ambient']",['Electronic']
92,Ploy   Iron Lungs,Ploy - Iron Lungs,"['Techno', 'Tribal', 'Bassline']",['Electronic']
93,Marco Shuttle   Cobalt Desert Oasis,Marco Shuttle - Cobalt Desert Oasis,"['Ambient', 'Techno', 'Experimental']",['Electronic']
94,EP 64   NLV001  EP 64   #45 ,EP-64 - NLV001- EP-64 - #45 (Live From Noods Bank Holiday Fun Day),['Experimental'],['Electronic']
95,Farsight   Leg Shake,Farsight - Leg Shake.mp3,"['Tribal', 'Breaks', 'Techno']",['Electronic']
96,memotone   Memotone LP,memotone - Memotone LP,"['Ambient', 'Drone']",['Electronic']
97,Rainforest Spiritual Enslavement   Green Graves,Rainforest Spiritual Enslavement - Green Graves,"['Industrial', 'Dark Ambient', 'Noise', 'Abstract', 'Field Recording']",['Electronic']
99,Lurka   Full Clip   BR Greaze,Lurka - Full Clip - BR Greaze,"['Bass Music', 'Dubstep', 'Dancehall', 'Halftime']",['Electronic']
100,Agrippa   Mygraine Urgraine   Harbour Run,Agrippa - Mygraine Urgraine - Harbour Run,"['Grime', 'Leftfield', 'Techno']",['Electronic']
101,XXIII   XXIII   150,XXIII - XXIII - 150,"['Alternative Rock', 'Psychedelic Rock', 'Lo-Fi', 'Experimental', 'Trip Hop']","['Electronic', 'Rock']"
102,Yak   Umbra   Kaepora,Yak - Umbra - Kaepora,['Dubstep'],['Electronic']
103,Chris Moss Acid   Lill Chill,Chris Moss Acid - Lill Chill,"['Acid', 'Breaks', 'Techno', 'House']",['Electronic']
104,Lurka   Ritual Dingers   Choke,Lurka - Ritual Dingers - Choke,"['Dubstep', 'Electro', 'Techno']",['Electronic']
105,Two Shell   Access,Two Shell - Access,['Techno'],['Electronic']
106,Bad Tracking   Widower EP,Bad Tracking - Widower EP,"['Industrial', 'Experimental', 'Noise', 'Dub', 'Power Electronics', 'Rhythmic Noise']",['Electronic']
107,Randomer   Hodge   Second Freeze   Simple As,Randomer & Hodge - Second Freeze - Simple As,"['Techno', 'Tribal']",['Electronic']
108,Keepsakes   Ever So Merry LP,Keepsakes - Ever So Merry LP,['Techno'],['Electronic']
109,Aldrich   Ravaged Minds,Aldrich - Ravaged Minds,"['Ambient', 'Breaks', 'Downtempo']",['Electronic']
110,Front de Cadeaux   SUPREME RALLENTATO VOLUME 4,Front de Cadeaux - SUPREME RALLENTATO VOLUME 4,"['House', 'Tech House', 'Dub']",['Electronic']
111,Pessimist   Holsten   The Riot Tune,Pessimist & Holsten - The Riot Tune,"['Drum n Bass', 'Techno']",['Electronic']
112,Rachael   Rachael   Okada,Rachael - Rachael - Okada,"['Grime', 'House', 'Jungle']",['Electronic']
113,Sam Binga  Marcus Visionary   Sam Binga   Marcus Visionary   Doubles EP,Sam Binga- Marcus Visionary - Sam Binga & Marcus Visionary - Doubles EP,['UK Funky'],['Electronic']
114,Susobrino   LA HOJA DE EUCALIPTO,Susobrino - LA HOJA DE EUCALIPTO,"['Downtempo', 'Experimental', 'Juke']","['Electronic', 'Latin', 'Folk, World, & Country']"
115,SPIRINET   MY KISS,SPIRINET - MY KISS,['Experimental'],"['Electronic', 'Hip Hop', 'Non-Music']"
116,DJ NIGGA FOX   O Meu Estilo EP,DJ NIGGA FOX - O Meu Estilo EP,"['House', 'African', 'Kuduro']","['Electronic', 'Folk, World, & Country']"
117,Various Artists   Music For Balconies 1,Various Artists - Music For Balconies 1,['Indie Rock'],"['Electronic', 'Rock']"
118,Henry Greenleaf   Rush EP,Henry Greenleaf - Rush EP,"['Electro', 'Bassline']",['Electronic']
119,FLmm   Verluste EP,FLmm - Verluste EP,"['Industrial', 'Techno']",['Electronic']
120,Yabby You   King Tubby   Walls of Jerusalem,Yabby You & King Tubby - Walls of Jerusalem,"['Roots Reggae', 'Dub']",['Reggae']
121,Ssiege   Beautiful Age,Ssiege - Beautiful Age,['Ambient'],['Electronic']
122,Somah Dark Arts,Somah-Dark_Arts,['Dubstep'],['Electronic']
123,Strange Audio Dreams   Error Design,Strange Audio Dreams - Error Design,"['Breaks', 'Ambient', 'Techno']",['Electronic']
124,memotone   SHIRO,memotone - SHIRO,"['Ambient', 'Drone', 'Classical']","['Electronic', 'Non-Music', 'Classical', 'Folk, World, & Country']"
125,Clouds   EDLX.046 Timeslip Roadmender EP,Clouds - EDLX.046 Timeslip Roadmender EP,['Techno'],['Electronic']
126,Dj Normal 4   Vivid,Dj Normal 4 - Vivid,"['Breakbeat', 'House', 'Electro']",['Electronic']
127,Thomas P Heckmann   Acid Seduction 2,Thomas P Heckmann - Acid_Seduction 2,"['Acid', 'Acid House']",['Electronic']
128,Matteo Coffetti   HypnotechoO,Matteo Coffetti - Hypnotecho'O,"['Techno', 'Downtempo', 'Tribal', 'House']",['Electronic']
129,Kowton   Utility,Kowton - Utility,['Techno'],['Electronic']
130,Pearson Sound   Pearls,Pearson Sound - Pearls.mp3,"['Blues Rock', 'Classic Rock', 'Psychedelic Rock']","['Rock', 'Blues']"
131,Warehouse Rave   Soul Mass Transit System   Dont Hold Back EP,Warehouse Rave - Soul Mass Transit System - Don't Hold Back EP,"['UK Garage', 'Speed Garage', 'Bassline']",['Electronic']
134,Berceuse Heroique   BH 071 Duckett   Emperors New Clothes Part Two,Berceuse Heroique - BH 071 Duckett - Emperor's New Clothes Part Two,"['Abstract', 'Experimental']",['Electronic']
136,Loefah   midnight,Loefah - midnight.mp3,['Dubstep'],['Electronic']
137,Loefah   Root,Loefah - Root.mp3,['Dubstep'],['Electronic']
138,John T. Gast   5GTOUR,John T. Gast - 5GTOUR,"['Dub', 'Techno', 'Experimental', 'Grime']",['Electronic']
140,Devi Tensione   Tanto Tempo,Devi Tensione - Tanto Tempo,"['Hyperpop', 'Leftfield']","['Electronic', 'Pop']"
141,Batu   SYX,Batu - SYX.mp3,"['Techno', 'Dubstep']",['Electronic']
142,Radial   Inverso Mundi EP,Radial - Inverso Mundi EP,['Techno'],['Electronic']
143,Parris   Burr   Blue,Parris - Burr - Blue,['Techno'],['Electronic']
144,Big Hands   Lakamha,Big Hands - Lakamha,"['Illbient', 'Leftfield', 'Techno']",['Electronic']
145,Pangaea   Wont Hurt,Pangaea - Won't Hurt.mp3,"['Bass Music', 'Dubstep']",['Electronic']
147,Senyawa   Menuju Muara ,Senyawa - Menuju Muara (fatalism Remix).mp3,['Abstract'],['Rock']
148,For Those of You Who Have Never ,For Those of You Who Have Never (And Also Those Who Have),"['Ambient', 'Experimental']",['Electronic']
150, Cybonix   Make This Party Live ,[CX 016] Cybonix - Make This Party Live [2004-WEB-FLAC],['Electro'],['Electronic']
151,JoeFarr   Spectate EP,JoeFarr - Spectate EP,['Techno'],['Electronic']
152,Young Druid   YOUNG DRUID,Young Druid - YOUNG DRUID,"['Instrumental', 'Pipe & Drum']","['Hip Hop', 'Brass & Military']"
153,01   Frankie Goes To Hollywood   Welcome To The Pleasuredome,01 - Frankie Goes To Hollywood - Welcome To The Pleasuredome.mp3,"['Pop Rock', 'Synth-pop', 'Ballad']","['Electronic', 'Rock', 'Pop']"
154,dj haram   BODY COUNT,dj haram - BODY COUNT.mp3,"['Footwork', 'Grime', 'Jersey Club']","['Electronic', 'Hip Hop']"
155,Walton   Taiko,Walton - Taiko,"['Techno', 'Grime', 'UK Garage']",['Electronic']
156,Donato Dozzy   Cassandra ,Donato Dozzy - Cassandra [Claque Musique],"['Deep Techno', 'Ambient', 'Drone']",['Electronic']
158,Raccordo Fluviale Subalpino   Raccordo Fluviale Subalpino,Raccordo Fluviale Subalpino - Raccordo Fluviale Subalpino,"['Acid', 'Leftfield', 'Abstract', 'Ambient']",['Electronic']
161,Weird Weather   Succulents EP,Weird Weather - Succulents EP,"['Industrial', 'Dub', 'Experimental', 'Leftfield']",['Electronic']
162,Conrad Pack   Receptor,Conrad Pack - Receptor,"['Dub', 'Techno']",['Electronic']
163,Mars89   Throbbing Pain,Mars89 - Throbbing Pain.mp3,"['Industrial', 'Dub']",['Electronic']
164,Heith   Laguna,Heith - Laguna,"['Experimental', 'Gamelan', 'Ambient']","['Electronic', 'Folk, World, & Country']"
165,Locked Club   Svoboda EP,Locked Club - Svoboda EP,"['Electro', 'Techno']",['Electronic']
166,A$AP Rocky   Cozy Tapes Vol. 1   Friends,A$AP Rocky - Cozy Tapes Vol. 1 - Friends,['Hip Hop'],"['Electronic', 'Hip Hop']"
167,Thomas P Heckmann   Acid Seduction,Thomas P Heckmann - Acid_Seduction,"['Acid', 'Techno']",['Electronic']
168,V A   SECRET RAVE 03,V-A - SECRET RAVE 03,"['Hard Trance', 'Trance', 'Techno', 'Acid']",['Electronic']
169,Filter Dread   Ice Rave,Filter Dread - Ice Rave,"['Experimental', 'Grime', 'Breakbeat']",['Electronic']
170,Planet Lonely ,Planet Lonely (2018),"['Ambient', 'Leftfield', 'Downtempo']",['Electronic']
171,Piezo   LSD Superhero,Piezo - LSD Superhero,['Techno'],['Electronic']
172,Dawl   Ultimate Damage,Dawl - Ultimate Damage,"['Breaks', 'Electro', 'Bleep']",['Electronic']
173,Pugilist   Blue 06,Pugilist - Blue 06,"['Breaks', 'Bass Music']",['Electronic']
175,Sputnik One   Warm Body EP,Sputnik One - Warm_Body_EP,['Techno'],['Electronic']
176,Al Wootton   Every Knee Shall Bow ,Al Wootton - Every Knee Shall Bow ,"['Dub', 'Dub Techno']","['Electronic', 'Reggae']"
177,V A   SECRET RAVE 04,V-A - SECRET RAVE 04,"['Hard Trance', 'Trance', 'Techno', 'Acid']",['Electronic']
178,nthng   Are You Here,nthng - Are You Here,"['Techno', 'Electro']",['Electronic']
179,I HATE MODELS   PERSEPHONE,I HATE MODELS - PERSEPHONE.mp3,['Techno'],['Electronic']
180,Autumns   Dyslexia Sound System,Autumns - Dyslexia Sound System,"['Dub', 'Post-Punk', 'Coldwave', 'Techno', 'Experimental']","['Electronic', 'Rock']"
181,RG   Observer,RG - Observer,"['Ambient', 'Dub', 'Dub Techno', 'Experimental', 'Field Recording']","['Electronic', 'Non-Music']"
182,Steve Summers   Generation Loss ,"Steve Summers - Generation Loss [2021, L.I.E.S.]","['House', 'Techno', 'Acid', 'Experimental']",['Electronic']
184,Gombeen   Doygen   DAmericana   Auto Lies,Gombeen & Doygen - D'Americana - Auto-Lies,"['Dub Techno', 'Abstract']",['Electronic']
185,DK Riding for a Fall,DK-Riding_for_a_Fall,['House'],['Electronic']
186,Samba Kings EP,Samba-Kings-EP,['Dubstep'],['Electronic']
188, Textasy   Nasty King Kurl   Bombers,[777_18] Textasy & Nasty King Kurl - Bombers,"['Techno', 'Electro', 'Acid']",['Electronic']
189, Salamandos   The World To Come ,[BUNKER 3076] Salamandos - The World To Come [2007],"['Acid House', 'Electro']",['Electronic']
190,Lamont   Cut It Back EP,Lamont - Cut It Back EP,"['Dubstep', 'Bass Music']",['Electronic']
191,Loefah   Mud,Loefah - Mud.mp3,['Dubstep'],['Electronic']
192,Ulla   Tumbling Towards a Wall,Ulla - Tumbling Towards a Wall,['Ambient'],['Electronic']
193,Reptilian Expo   xperiametaphone,Reptilian Expo - xperiametaphone,"['Abstract', 'Leftfield']","['Electronic', 'Non-Music']"
194,Unknown Artist   W.L.W.A.S.I.O.H. ,Unknown Artist - W.L.W.A.S.I.O.H. (K Lost Acid Dub),"['Acid', 'Acid House', 'Electro']",['Electronic']
195,Pugilist   Negative Space,Pugilist - Negative Space,"['Breaks', 'Dubstep', 'Techno']",['Electronic']
196,   Mode For Love E.P. ,[2011] - Mode For Love E.P. [FLAC],['House'],['Electronic']
199,Falhaber   Baptised EP,Falhaber - Baptised EP,"['Techno', 'Industrial']",['Electronic']
200,Glances   Stay There EP,Glances - Stay There EP,"['Techno', 'Leftfield']",['Electronic']
201,Robert Fleck   Soft focus,Robert Fleck - Soft focus,"['Broken Beat', 'Techno', 'Dub']",['Electronic']
202,Space Invaders Are Smoking Grass,Space Invaders Are Smoking Grass,['Electro'],['Electronic']
203,V A   SECRET RAVE 05,V-A - SECRET RAVE 05,"['Hard Trance', 'Trance', 'Techno', 'Acid']",['Electronic']
204,Ploy   Ramos   Roys Rolls,Ploy - Ramos - Roy's Rolls,"['Leftfield', 'Tribal', 'Techno']",['Electronic']
206,JONQUERA   Hell Reggaeton,JONQUERA - Hell Reggaeton.mp3,"['Downtempo', 'EBM', 'Dub']","['Electronic', 'Reggae']"
207,AIR Krew   A Walk Through H,AIR Krew - A Walk Through H,['Leftfield'],['Electronic']
208,Big Hands   Arcane Mosaics,Big Hands - Arcane Mosaics,"['Grime', 'Dub Techno', 'Breaks', 'Leftfield']",['Electronic']
210,PEDRO   Damaia 2.0,PEDRO - Damaia 2.0,"['Bass Music', 'House']",['Electronic']
211,EDMX   Mind Mechanixx,EDMX - Mind Mechanixx,"['Electro', 'Techno', 'Industrial', 'Acid', 'Breakbeat']",['Electronic']
212,Frankie Knuckles   His Greatest Hits From Trax,Frankie Knuckles - His Greatest Hits From Trax,['House'],['Electronic']
213,Jack Roland   Dream Technology,Jack Roland - Dream Technology,"['Electro', 'Breakbeat', 'House', 'Techno', 'Acid']",['Electronic']
214,V A   SECRET RAVE 02,V-A - SECRET RAVE 02,"['Hard Trance', 'Trance', 'Techno', 'Acid']",['Electronic']
215,YOUTH   Blazer Sound System   YO6TH,YOUTH - Blazer Sound System - YO6TH,"['Dub', 'Breakbeat']",['Electronic']
216,SEBASTIANO CARGHINI   ENXPL02   BLUE,SEBASTIANO CARGHINI - ENXPL02 - BLUE,"['Abstract', 'Ambient', 'Industrial', 'Dub']","['Electronic', 'Non-Music']"
217,K LONE   K LONE   Sine Language,K-LONE - K-LONE - Sine Language,"['Techno', 'House', 'Grime', 'Electro', 'UK Garage', 'Broken Beat']",['Electronic']
218,Marv   Keyboard Suite I,Marv - Keyboard Suite I,"['Ambient', 'Illbient', 'Leftfield', 'Minimal', 'New Age']","['Electronic', 'Folk, World, & Country']"
219,Asusu   Hallucinator   Sendak,Asusu - Hallucinator - Sendak,"['Electro', 'Experimental']",['Electronic']
221,Jerico   Run That,Jerico - Run That,"['Europop', 'Soul', 'Ballad']","['Electronic', 'Funk / Soul', 'Pop']"
222,Clara! y Maoupa   Truenos,Clara! y Maoupa - Truenos.mp3,"['Experimental', 'Reggaeton']","['Electronic', 'Latin']"
223,Various artists   XXIII   VOLUME 4,Various artists - XXIII - VOLUME 4,"['Hard House', 'Hard Trance', 'House']",['Electronic']
224,Supreme Rallentato Volume 2,Supreme Rallentato Volume 2,"['House', 'Tech House', 'Dub']",['Electronic']
225,Eva808   Oyuki EP,Eva808 - Oyuki EP,"['Dubstep', 'Grime']",['Electronic']
226,Klaus   Sabz   Qua  ,Klaus - Sabz - Qua [2021] [EP],"['Downtempo', 'Dub', 'Ambient']",['Electronic']
227,Comme de Loin,Comme_de_Loin,"['Ambient', 'Abstract', 'Dark Ambient', 'Deep House']",['Electronic']
228,Henry Greenleaf   Fold Together EP,Henry Greenleaf - Fold Together EP,"['Breakbeat', 'UK Garage', 'Techno']",['Electronic']
230,Paleman   Like O,Paleman - Like O,"['Dubstep', 'Dark Ambient', 'UK Garage']",['Electronic']
231,Buttechno   Sport  ,Buttechno - Sport [2015] [Album],"['Techno', 'Experimental', 'House', 'Leftfield', 'Noise']",['Electronic']
232,DJ Overdose   Emulator Armour,DJ Overdose - Emulator Armour,"['Acid', 'Electro', 'Techno']",['Electronic']
233,Atoloi   CuraVoceScura,Atoloi - CuraVoceScura,"['Tribal', 'Techno', 'Acid', 'Downtempo']",['Electronic']
234,Piezo   ANSIA004,Piezo - ANSIA004,"['Techno', 'Broken Beat']",['Electronic']
235,Konstruktivits   Glennascaul,Konstruktivits - Glennascaul,"['Industrial', 'Experimental']",['Electronic']
236,MEDI82 Commodo   Shift   Instrumental,MEDI82 Commodo - Shift & Instrumental,"['Grime', 'Dubstep']",['Electronic']
237,KAHN   SYSTM035   KAHN,KAHN - SYSTM035 - KAHN,['Dubstep'],['Electronic']
238,Buttechno   Badtrip ,Buttechno - Badtrip (TRP027),"['Techno', 'Industrial']",['Electronic']
239,Front De Cadeaux Supreme Rallentato Volume 1,Front De Cadeaux Supreme Rallentato Volume 1,"['House', 'Tech House', 'Dub']",['Electronic']
240,Stepz Riddim ,Stepz Riddim (2004),['Dancehall'],['Reggae']
242,Sunun + Jiinx   Sunun + Jiinx,Sunun + Jiinx - Sunun + Jiinx,"['Dub', 'Grime', 'Experimental', 'Ambient']","['Electronic', 'Reggae']"
243,Babe Roots   Babe Roots LP,Babe Roots - Babe Roots LP,"['Dub', 'Dub Techno']","['Electronic', 'Reggae']"
244,Piezo   Piezo,Piezo - Piezo,['Bass Music'],['Electronic']
245,Anthro   Trigger Happs EP,Anthro - Trigger Happs EP,"['Industrial', 'Techno']",['Electronic']
246,VA   Thick As Thieves,VA - Thick As Thieves,"['Techno', 'Experimental']",['Electronic']
249,NKC   Hague Basement,NKC - Hague Basement,"['Techno', 'Tribal House']",['Electronic']
250,Abu Ama   AM002,Abu Ama - AM002,"['Ambient', 'Experimental', 'Downtempo', 'Dub', 'Field Recording', 'Dub Techno']",['Electronic']
252,G Sudden   Bunout Boss EP,G Sudden - Bunout Boss EP,"['Dancehall', 'Bubbling']",['Reggae']
253,Lamont   Titanic   Eyes Closed,Lamont - Titanic - Eyes Closed,"['UK Garage', 'Broken Beat', 'Garage House', 'House', 'Techno']",['Electronic']
254,Wisecrack   Wisecrack,Wisecrack - Wisecrack,"['Abstract', 'Experimental']",['Electronic']
255,DJ APE   DJ OA$IS   Sleng Again   Sleng Again  Again,DJ APE & DJ OA$IS - Sleng Again - Sleng Again- Again,"['Techno', 'Dancehall']","['Electronic', 'Reggae']"
256,Rainforest Spiritual Enslavement   Flying Fish Ambience,Rainforest Spiritual Enslavement - Flying Fish Ambience,"['Ambient', 'Tribal', 'Field Recording']",['Electronic']
257,Sunun   Ooid,Sunun - Ooid,['Dub'],['Electronic']
258, Salamandos   Follow The Messiah ,[BUNKER 3075] Salamandos - Follow The Messiah [2007],"['Acid House', 'Electro', 'House', 'Techno']",['Electronic']
259,Threat to Creation,Threat to Creation,['Dub'],['Reggae']
260,Tribe Of Colin   FRUITS OF ZION,Tribe Of Colin - FRUITS OF ZION,"['Experimental', 'Techno', 'Religious']",['Electronic']
261,Low Jack   Virgin Traf 22   Grass 29,Low Jack - Virgin Traf 22 - Grass 29,['Dancehall'],"['Electronic', 'Reggae']"
263,Zuli  Rama   NMX003  Zuli   Rama,Zuli- Rama - NMX003- Zuli & Rama,"['Experimental', 'Ambient', 'Industrial', 'Noise']",['Electronic']
265,Andy Mac   Ossia   Soup Riddim   Cado   Linguine,Andy Mac & Ossia - Soup Riddim - Cado - Linguine,"['Dub', 'Dancehall', 'House']","['Electronic', 'Reggae']"
266,Significant Other   Oblivion  ,Significant Other - Oblivion [2021] [EP],"['Techno', 'Experimental', 'Ambient']",['Electronic']
267,Space Drum Meditation   SDM001,Space_Drum_Meditation - SDM001,"['Deep House', 'Techno', 'Breakbeat', 'Leftfield']",['Electronic']
268,Various Artists   WINDOW A   WINDOW B,Various Artists - WINDOW A - WINDOW B,"['Techno', 'Electro']",['Electronic']
269,Buttechno   Yalta Ukraine,Buttechno - Yalta_Ukraine,"['Techno', 'Deep House', 'Deep Techno', 'House', 'Ambient', 'Experimental', 'Downtempo']",['Electronic']
270,Space Drum Meditation   SDM005,Space_Drum_Meditation - SDM005,"['Techno', 'Tribal', 'Experimental']",['Electronic']
271,Qant Waiting Game EP,Qant-Waiting_Game_EP,"['Drum n Bass', 'Jungle']",['Electronic']
272,Gaunt   Shes No Patsy,Gaunt - She's No Patsy.mp3,"['Techno', 'Leftfield', 'Experimental']",['Electronic']
273, Skander – Dirge ,[LACR006] Skander – Dirge (2014),"['Techno', 'Industrial']",['Electronic']
274,Marco Shuttle   Ritmo Elegante,Marco Shuttle - Ritmo Elegante,"['Ambient', 'Techno']",['Electronic']
275,caterina barbieri   Clessidra,caterina barbieri - Clessidra.mp3,['Ambient'],['Electronic']
276,Stones Taro   Digital Vintage EP,Stones Taro - Digital Vintage EP,"['Breakbeat', 'Breaks', 'UK Garage', 'House']",['Electronic']
277,O$VMV$M   Soak ,O$VMV$M - Soak (goodnight mix).mp3,"['Ambient', 'Experimental', 'Instrumental']",['Electronic']
278,Mikael   Wildfire,Mikael - Wildfire,['Dubstep'],['Electronic']
279,Chief Keef   Macaroni Time,Chief Keef - Macaroni Time,"['Trap', 'Drill', 'Gangsta', 'Thug Rap']",['Hip Hop']
280, rainforest   jungle is our dub dub to jungle,[45717] rainforest - jungle is our dub-dub to jungle,"['Jungle', 'Dub']","['Electronic', 'Reggae']"
281,Ambulance vs Ambulance   Bitte Pill,Ambulance vs Ambulance - Bitte Pill.mp3,['Abstract'],"['Electronic', 'Folk, World, & Country']"
282,Yak   Lucid Nightmare,Yak - Lucid Nightmare.mp3,"['Broken Beat', 'Techno']",['Electronic']
283,Sprawl + DArcangelo Remix   Time Tunnel,Sprawl + D'Arcangelo Remix - Time Tunnel,"['Electro', 'IDM', 'Techno', 'Breaks']",['Electronic']
284,Dj Healer   Nothing 2 Loose,Dj Healer - Nothing 2 Loose,"['Ambient', 'Breakbeat', 'House']",['Electronic']
286,Florian T M Zeisig   Coatcheck,Florian T M Zeisig - Coatcheck,"['Abstract', 'Ambient', 'Dub Techno']","['Electronic', 'Non-Music']"
287,Little Artist   CANCEL COPENHAGEN,Little Artist - CANCEL COPENHAGEN,"['Dub', 'Future Jazz']",['Electronic']
288,YOUTH   SSIEGE   Fading Summer   YOCS2,YOUTH - SSIEGE - Fading Summer - YOCS2,"['Ambient', 'Abstract', 'Synthwave', 'New Age']",['Electronic']
289,ZULI   Bionic Ahmed ,ZULI - Bionic Ahmed (UIQ0002),"['Abstract', 'Grime', 'Techno', 'Jungle', 'UK Garage']",['Electronic']
291, SSIEGE   Turbe In Sviluppo ,[2016] SSIEGE - Turbe In Sviluppo [UN.T.O. Records],"['Abstract', 'Deep House', 'Techno']",['Electronic']
293,Le Combat   The Tower,Le Combat - The Tower.mp3,"['Soundtrack', 'Video Game Music']",['Stage & Screen']
294,Big Hands   Ossario,Big Hands - Ossario,"['Techno', 'Deep Techno', 'Leftfield']",['Electronic']
296,Anthony Naples El Portal ,Anthony_Naples-El_Portal-(TTT008),"['Deep House', 'Leftfield']",['Electronic']
297,Randomer   Smokin,Randomer - Smokin,"['Techno', 'Electro']",['Electronic']
298,Menzi   Impazamo,Menzi - Impazamo,"['Experimental', 'Bass Music', 'Gqom']",['Electronic']
299,"Bear Bones, Lay Low   Voces De Humo ","Bear Bones, Lay Low - Voces De Humo (DJ Plead Belly-Roll Mix).mp3","['Leftfield', 'Experimental', 'Tribal', 'Drum n Bass']",['Electronic']
300,Space Drum Meditation   SDM002,Space_Drum_Meditation - SDM002,"['Techno', 'Experimental', 'Electro']",['Electronic']
301,Samba   Winona  ,Samba - Winona [Ep] (2019),['Dubstep'],['Electronic']
302,Krikor   Gun Clash Riddim,Krikor - Gun Clash Riddim,"['Dub', 'Breakbeat']",['Electronic']
304,Tolouse Low Trax   Decades vol.II,Tolouse Low Trax - Decades vol.II,"['Experimental', 'Electro', 'Minimal', 'Techno', 'Industrial']",['Electronic']
305,Reedale Rise   Eternal Return,Reedale Rise - Eternal Return,"['Electro', 'Techno', 'Acid']",['Electronic']
306,Robert Fleck   Injury Time,Robert Fleck - Injury Time,"['Abstract', 'Experimental', 'Speed Garage', 'Dubstep']",['Electronic']
307,Mido   Darunia  ,Mido - Darunia (2017) (flac),"['Techno', 'Tribal']",['Electronic']
308,Đ.K.   The Ancient Kingdom,Đ.K. - The Ancient Kingdom,"['Ambient', 'Downtempo', 'Tribal', 'House']",['Electronic']
310,Two Shell   Over U,Two Shell - Over U.mp3,"['Pop Rock', 'Indie Rock']",['Rock']
311,Senate   Gangstalker,Senate - Gangstalker,"['Techno', 'Electro', 'Breakbeat', 'Bass Music']","['Electronic', 'Hip Hop']"
312,Four Tet   New Energy,Four Tet - New Energy,"['Ambient', 'House', 'Techno', 'Minimal']",['Electronic']
313,wzrdryAV   Midnight Visions,wzrdryAV - Midnight Visions,"['Ambient', 'Dub Techno', 'Downtempo', 'Field Recording']",['Electronic']
314,Flowdan   Full Metal Jacket,Flowdan - Full Metal Jacket,['Grime'],['Electronic']
315,67   Lets Lurk ,67 - Let's Lurk [2016],"['Grime', 'Trap', 'Drill']",['Hip Hop']
316,Legowelt   Immensity Of Cosmic Space,Legowelt - Immensity Of Cosmic Space,"['Techno', 'Acid House', 'Breakbeat']",['Electronic']
317,Perc   Truss   Clapacid,Perc & Truss - Clapacid.mp3,['Techno'],['Electronic']
319,Lemonick   Krizzli   Nammi,Lemonick & Krizzli - Nammi.mp3,"['Grime', 'Dancehall', 'Trap', 'Experimental']",['Electronic']
320,Anunaku   Stargate EP,Anunaku - Stargate EP,"['Breakbeat', 'Techno']",['Electronic']
321,Batu   Lurka   Curved   Bambounou Hyper Street Remix,Batu & Lurka - Curved - Bambounou Hyper Street Remix,"['Experimental', 'Techno', 'House']",['Electronic']
323,Mala   Changes   Forgive,Mala - Changes - Forgive,['Dubstep'],['Electronic']
324,Tenesha The WordSmith   Madea Dangerous Women,Tenesha The WordSmith - Madea-Dangerous Women,"['Abstract', 'Spoken Word', 'Poetry']","['Electronic', 'Non-Music']"
325,Tzusing   地心引力抓不住你,Tzusing - 地心引力抓不住你.mp3,"['EBM', 'Industrial', 'Techno']",['Electronic']
327,Ossia   chester giles   Shackles   Anpao,Ossia & chester giles - Shackles - Anpao,"['Experimental', 'Dub']",['Electronic']
328,Senyawa   Alkisah,Senyawa - Alkisah,['Abstract'],['Rock']
329,XXIII   XXIII   VOLUME 3,XXIII - XXIII - VOLUME 3,"['Breakbeat', 'Hardcore', 'Techno']",['Electronic']
331,Ossia   Devils Dance,Ossia - Devil's Dance,"['Dub', 'Techno', 'Ambient', 'Illbient']",['Electronic']
332,Bruce   Sonder Somatic    ,Bruce - Sonder Somatic - (2018) [WEB-FLAC],['Techno'],['Electronic']
334,Hebbe   Down Town Dub  Tumble,Hebbe - Down Town Dub  Tumble,['Dubstep'],['Electronic']
335,Persistence of memory  ,Persistence of memory (2017) (flac),"['Techno', 'Drum n Bass']",['Electronic']
336,hypho   round ere,hypho - round ere,['Bass Music'],['Electronic']
337,Paleman   Yrs Ago   Animus,Paleman - Yrs Ago - Animus,"['Techno', 'Electro', 'House', 'Bass Music']",['Electronic']
339,Notte Brigante   DJ F16 FALCON   Ici Commence La Nuit,Notte Brigante - DJ F16 FALCON - Ici Commence La Nuit,"['Dub', 'Experimental']",['Electronic']
340,Anthony Naples   Chameleon,Anthony Naples - Chameleon,"['Ambient', 'Downtempo', 'Chillwave']",['Electronic']
341,The Prince Stoner   Stoners Dub,The Prince Stoner - Stoner's Dub,"['Dub', 'Experimental']","['Electronic', 'Reggae']"
342,Jake Muir   Ladys Mantle,Jake Muir - Lady's Mantle,"['Ambient', 'Field Recording', 'Ethereal']",['Electronic']
343,O$VMV$M   O$VMV$M   Phase 4   Witch Linen,O$VMV$M - O$VMV$M - Phase 4' - 'Witch Linen,['Dub'],['Electronic']
344,Huerco S.   QTT4,Huerco S. - QTT4,"['Ambient', 'Drone', 'Experimental']",['Electronic']
345,Sikka Rymes   Seh Dem Bad,Sikka Rymes - Seh Dem Bad.mp3,"['Dancehall', 'Experimental', 'Bassline']","['Electronic', 'Reggae']"
346,Via Maris   Glow Wall   CU2,Via Maris - Glow Wall - CU2,"['Techno', 'Dubstep', 'Leftfield']",['Electronic']
348,Batu   Marius EP,Batu - Marius EP,"['Techno', 'House', 'Ambient']",['Electronic']
352,YOUTH   Nuclear Winter   Heavy Rain   Y15TH,YOUTH - Nuclear Winter - Heavy Rain - Y15TH,['Dubstep'],['Electronic']
354,Sharp tool in the shed   Land of the insane  ,Sharp tool in the shed - Land of the insane (2018) (flac),"['Deep House', 'Leftfield', 'Techno', 'Ambient']",['Electronic']
356,Lamont   Detached,Lamont - Detached,"['Grime', 'Dubstep']",['Electronic']
357,Cousin   Ruff Draft,Cousin - Ruff Draft,"['Grime', 'Garage House']",['Electronic']
358,David Goren   Brooklyn Pirates  Neighbourhoods in the Sky  2014 2021,David Goren - Brooklyn Pirates- Neighbourhoods in the Sky- 2014-2021,"['Public Broadcast', 'Lovers Rock', 'Dancehall']","['Reggae', 'Non-Music', 'Stage & Screen']"
359,Elgato   Tonight   Blue,Elgato - Tonight - Blue,"['House', 'Minimal', 'Breakbeat']",['Electronic']
360, Soundbwoy Killah   Halcyon Daze ,[SNKRLP004] Soundbwoy Killah - Halcyon Daze (2019),"['Breakbeat', 'Ambient', 'Hardcore', 'Techno', 'House', 'UK Garage']",['Electronic']
361,CS + Kreme   EP #1,CS + Kreme - EP #1,"['Downtempo', 'Experimental']",['Electronic']
362,Jerome   Moods,Jerome - Moods,"['Afro-Cuban Jazz', 'Bop']",['Jazz']
363,Rezzett   Rezzett LP,Rezzett - Rezzett LP,"['Techno', 'Ambient', 'Drum n Bass', 'Lo-Fi']",['Electronic']
364,Grim Lusk   Search,Grim Lusk - Search.mp3,"['Industrial', 'Dub', 'Electro', 'Experimental', 'Hip Hop']",['Electronic']
366,Manse   Cymbal Shudder,Manse - Cymbal Shudder,['Techno'],['Electronic']
368,Significant Other   Postdrome EP,Significant Other - Postdrome EP,"['Broken Beat', 'Techno']",['Electronic']
369,Blade  Evil Forces EP,Blade -Evil_Forces_EP,['Drum n Bass'],['Electronic']
371,LCY   LCY,LCY - LCY,"['Pop Rock', 'Glam']",['Rock']
375,Sparse   Sparse #1,Sparse - Sparse #1,['Ambient'],['Electronic']
376, BODDIKA   Acid Jackson Basement ,[SWAMP019] BODDIKA - Acid Jackson-Basement (2012),"['Acid', 'Electro']",['Electronic']
377, Soundbwoy Killah   Come My Selector ,[SNKR015] Soundbwoy Killah - Come My Selector (2018),"['Breakbeat', 'Garage House']",['Electronic']
378,Jake Muir   the hum of your veiled voice,Jake Muir - the hum of your veiled voice,"['Ambient', 'Experimental']",['Electronic']
379,XXIII   XXIII   VOLUME 2,XXIII - XXIII - VOLUME 2,['Renaissance'],['Classical']
381,forest drive west   apparitions ,forest drive west - apparitions [livity033],"['Techno', 'Electro', 'Ambient']",['Electronic']
382,Lil Durk   Im Still a Hitta,Lil Durk - I'm Still a Hitta,"['Trap', 'Drill']",['Hip Hop']
383,Rakim   The Master,Rakim - The Master,['Conscious'],['Hip Hop']
384,Debmaster   1av2,Debmaster - 1av2.mp3,"['Juke', 'Bass Music', 'Hip Hop', 'Instrumental']","['Electronic', 'Hip Hop']"
386,Hodge   Amor Fati    Tilikum ,Hodge - Amor Fati (Peverelist remix) - Tilikum (Hodge remix),['Techno'],['Electronic']
387,Paleman   Beezeldub,Paleman - Beezeldub,['House'],['Electronic']
388,Bambounou x Bruce   Final Conference,Bambounou x Bruce - Final Conference,"['Experimental', 'Techno']",['Electronic']
389,XXIII   XXIII   VOLUME 5,XXIII - XXIII - VOLUME 5,"['Psy-Trance', 'Progressive Trance']",['Electronic']
390, People Plus   Olympus Mons EP ,[INC003] People Plus - Olympus Mons EP (2018),"['Techno', 'Abstract']",['Electronic']
391, Nick Klein   Rhinestone Cowboy,[LIES089] Nick Klein - Rhinestone Cowboy,"['Techno', 'Industrial', 'Experimental']",['Electronic']
392,Yung Beef   Perreo de la Muerte 2 ,"Yung Beef - Perreo de la Muerte 2 [Spain,2019]","['Trap', 'Reggaeton']","['Hip Hop', 'Latin']"
393,Basic Rhythm   2 Da Core,Basic Rhythm - 2 Da Core,"['Juke', 'Jungle']",['Electronic']
394,Otik   Wetlands,Otik - Wetlands,['Techno'],['Electronic']
397,Weeshuis Der Verloren Zielen EP,Weeshuis Der Verloren Zielen EP,"['Techno', 'Acid']",['Electronic']
398,Rosso Polare   Bocca Dombra,Rosso Polare - Bocca D'ombra,"['Experimental', 'Ambient', 'Leftfield', 'Avant-garde Jazz']","['Electronic', 'Jazz', 'Folk, World, & Country']"
399,Hodge   HEK025 ,Hodge - HEK025 (2015),['Techno'],['Electronic']
400,Never mind   Short stay  ,Never mind - Short stay (2019) (flac),"['Dubstep', 'Grime']",['Electronic']
402,Luca Lozano   Gun Fingers ,Luca Lozano - Gun Fingers ,"['Techno', 'House']",['Electronic']
403,Nikolajev   LEL EP,Nikolajev - LEL EP,"['Ambient', 'Darkwave']",['Electronic']
404,Laksa   Sen On One,Laksa - Sen On One,"['Techno', 'Dubstep', 'Dancehall']",['Electronic']
407,Yao Bobby   Simon Grab   Black Revolution,Yao Bobby & Simon Grab - Black Revolution.mp3,"['Experimental', 'Conscious']","['Electronic', 'Hip Hop']"
408,Coco Bryce   Tommy The Cat   Coco   The Cat Return ,Coco Bryce - Tommy The Cat - Coco & The Cat Return (CITB007),['Jungle'],['Electronic']
409,Loefah   Ruffage,Loefah - Ruffage.mp3,['Dubstep'],['Electronic']
410,Peverelist   Undulate   Grit,Peverelist - Undulate - Grit,['Techno'],['Electronic']
411,PEDRO   Na Quebrada ,PEDRO - Na Quebrada (feat. Rincon Sapiência),['Bass Music'],"['Electronic', 'Folk, World, & Country']"
412,STILL   Haile Selassie Is The Micro Chip ,STILL - Haile Selassie Is The Micro-Chip (NÍDIA Remix).mp3,"['Experimental', 'Dub', 'Dancehall']","['Electronic', 'Reggae']"
413,Tessela   Lanark Artefax   Blue 01,Tessela - Lanark Artefax - Blue 01,"['Techno', 'Electro', 'Broken Beat']",['Electronic']
414,Loefah   The Goat Stare,Loefah - The Goat Stare.mp3,['Dubstep'],['Electronic']
416,Reflec   BHM,Reflec - BHM,"['Techno', 'Breakbeat']",['Electronic']
417,Branko + PEDRO   MPTS,Branko + PEDRO - MPTS,['Bass Music'],['Electronic']
418,Huerco S.   Plonk,Huerco S. - Plonk,"['Experimental', 'Ambient', 'Abstract', 'IDM']",['Electronic']
419,Pearson Sound   Starburst EP,Pearson Sound - Starburst EP,"['Techno', 'Grime']",['Electronic']
420,PEDRO   DL,PEDRO - DL,"['Ballad', 'Disco']","['Latin', 'Pop']"
422,Wilted Woman   Songs in the Key of Wilt,Wilted Woman - Songs in the Key of Wilt,"['Alternative Rock', 'Berlin-School', 'Leftfield', 'Techno']","['Electronic', 'Rock']"
423,forest drive west jungle crack ep,forest_drive_west-jungle_crack_ep,"['Drum n Bass', 'Jungle']",['Electronic']
424,Ascot ww   Welcome To The Wicked Land,Ascot-ww - Welcome To The Wicked Land,"['Breakbeat', 'Electro']",['Electronic']
425,Drax   The 3rd Decade,Drax - The 3rd Decade,"['Techno', 'Acid']",['Electronic']
428,Madteo   Str8 Crooked,Madteo - Str8 Crooked,"['Ghetto House', 'House']",['Electronic']
429,Aleksa Alaska  Chlorys   NMX002  Paranormal Mixtape,Aleksa Alaska- Chlorys - NMX002- Paranormal Mixtape,"['Abstract', 'Neo Trance']",['Electronic']
432,Fabio Fabio   Masochistas EP ,Fabio Fabio - Masochistas EP (IVR011),['Electro'],['Electronic']
435,UVB76   IWA GAADEN,UVB76 - IWA GAADEN,['Experimental'],['Electronic']
437,BKV Cadavre   VOM   Fire In The Mind,BKV Cadavre - VOM - Fire In The Mind.mp3,"['Experimental', 'Dub']","['Electronic', 'Rock']"
439,Caski   Structures,Caski - Structures.mp3,"['UK Garage', 'Techno']",['Electronic']
440,Mars89   Lucid Dream EP,Mars89 - Lucid Dream EP,"['Experimental', 'Dancehall']","['Electronic', 'Reggae']"
441,Krush Lumpkin   Rilascio,Krush Lumpkin - Rilascio,"['Leftfield', 'Footwork']",['Electronic']
442,Low Jack   Les Riddims du Lieu dit,Low Jack - Les Riddims du Lieu-dit,"['Dancehall', 'Industrial', 'Breakbeat']","['Electronic', 'Reggae']"
443,Tammo Hesselink   It Is Easy To See,Tammo Hesselink - It Is Easy To See.mp3,['Techno'],['Electronic']
444,Logic1000   LOGIC1000,Logic1000 - LOGIC1000,"['Dubstep', 'House']",['Electronic']
445,Seven Sisters   Pursuit Ep,Seven Sisters - Pursuit Ep,"['Abstract', 'Ambient', 'Deep Techno', 'Noise', 'IDM']",['Electronic']
447,Dori Sorride   A Catturare I Raggi,Dori Sorride - A Catturare I Raggi,"['Hyperpop', 'Leftfield']","['Electronic', 'Pop']"
448,a rocket in dub   normal dub,a rocket in dub - normal dub,"['Dub', 'Dub Techno', 'IDM']",['Electronic']
449,Christos Chondropoulos   Oaks,Christos Chondropoulos - Oaks.mp3,"['Experimental', 'Éntekhno', 'African', 'Big Beat']","['Electronic', 'Folk, World, & Country']"
450,John T. Gast   SINEAD MEMORY TAPE ,John T. Gast - SINEAD MEMORY TAPE (2015),"['Ambient', 'Experimental', 'Drone']",['Electronic']
451,Beneath   Numbers Talk EP,Beneath - Numbers Talk EP,"['Dub', 'Dub Techno']",['Electronic']
452,Massacooramaan   Dancehall Princess,Massacooramaan - Dancehall Princess.mp3,['Ghetto'],['Electronic']
453,Mall Grab   How The Dogs Chill  Vol.1,Mall Grab - How The Dogs Chill- Vol.1,"['House', 'Leftfield', 'Breaks', 'Deep House']",['Electronic']
454,Tessela   Hackney Parrot   Helter Skelter,Tessela - Hackney Parrot - Helter Skelter,"['Bass Music', 'Jungle']",['Electronic']
455,Randomer   HEK021   Randomer   Bring   Curtains,Randomer - HEK021 - Randomer - Bring - Curtains,['Techno'],['Electronic']
458,Bakongo   Thirteen Level Cowbell,Bakongo - Thirteen-Level Cowbell,"['Bass Music', 'Tribal']",['Electronic']
459,Various Artists   Music For Balconies 2,Various Artists - Music For Balconies 2,['Indie Rock'],"['Electronic', 'Rock']"
461,SAINT ABDULLAH   IN GODS IMAGE,SAINT ABDULLAH - IN GOD'S IMAGE,"['Abstract', 'Dub', 'Industrial', 'Illbient', 'Future Jazz']","['Electronic', 'Non-Music', 'Folk, World, & Country']"
462,Batu   Bleeper Feed   April These,Batu - Bleeper Feed - April These,['Techno'],['Electronic']
463,Jake Muir   ITLP10   Mana,Jake Muir - ITLP10 - Mana,"['Illbient', 'Ambient', 'Abstract']",['Electronic']
464,Duma   Duma,Duma - Duma,"['Breakcore', 'Industrial', 'Noise', 'Grindcore']","['Electronic', 'Rock']"
465,Kahn      Dread + Dubkasm Versions ,Kahn - (2020) - Dread + Dubkasm Versions [MEDI-117],"['Dub', 'Dubstep']",['Electronic']
466,OSS001 Masters,OSS001 Masters,"['Hip Hop', 'Garage House', 'House']","['Electronic', 'Hip Hop']"
467,KELMAN DURAN   1804 KIDS,KELMAN DURAN - 1804 KIDS,"['Experimental', 'Reggaeton']","['Electronic', 'Latin']"
468,Florian T M Zeisig   You Look So Serious,Florian T M Zeisig - You Look So Serious,['Ambient'],['Electronic']
469,Pawels Bar   Pawels Bar   Cantina,Pawel's Bar - Pawel's Bar - Cantina,"['Dub', 'Downtempo', 'Leftfield', 'Future Jazz']",['Electronic']
470,Bruce   Im Alright Mate   Post Rave Wrestle,Bruce - I'm Alright Mate - Post Rave Wrestle,"['Techno', 'Abstract']",['Electronic']
471,Dentis   The Pintupi Nine EP,Dentis - The Pintupi Nine EP,"['Industrial', 'Techno']",['Electronic']
472,Laksa   The Amala Trick   In The Middle,Laksa - The Amala Trick - In The Middle,"['Abstract', 'Experimental', 'Techno']",['Electronic']
473,Bokeh Allstars   Mutual Aid 2020,Bokeh Allstars - Mutual Aid 2020,"['Dub', 'Illbient']","['Electronic', 'Hip Hop', 'Reggae']"
474,GUNDAM   DARKSIDE DUB,GUNDAM - DARKSIDE DUB.mp3,['Grime'],['Electronic']
475,Objekt   Objekt #4,Objekt - Objekt #4,"['House', 'Breaks', 'Techno']",['Electronic']
477,Loefah   woman,Loefah - woman.mp3,['Dubstep'],['Electronic']
479,BABE ROOTS   MUSIC MISSION EP,BABE ROOTS - MUSIC MISSION EP,"['Latin', 'Hi NRG', 'Italo-Disco', 'Pop Rap', 'Disco', 'Techno', 'Euro House', 'House', 'Electro', 'Synth-pop', 'Funk']","['Electronic', 'Hip Hop', 'Funk / Soul']"
480,Loefah   Ginnocchio,Loefah - Ginnocchio.mp3,['Dubstep'],['Electronic']
481,Chaperone   Jazz From the Shelter,Chaperone - Jazz From the Shelter,"['New Age', 'Techno', 'Hip Hop', 'Dub']","['Electronic', 'Hip Hop', 'Non-Music']"
482,Jonah Dan   Galactic Light,Jonah Dan - Galactic Light.mp3,['Dub'],"['Electronic', 'Reggae']"
483,Oyl   Urm,Oyl - Urm,"['Experimental', 'Abstract', 'Techno', 'Sound Collage']",['Electronic']
484,dentis   Music for the Masses EP,dentis - Music for the Masses EP,"['Techno', 'Industrial']",['Electronic']
486,Forest Drive West   System   Show Them,Forest Drive West - System - Show Them,['Techno'],['Electronic']
487,YOUTH   Katatonic Silentio   Pow Snake,YOUTH - Katatonic Silentio - Pow Snake.mp3,"['Abstract', 'Breaks', 'Experimental', 'Ambient', 'Leftfield', 'Illbient', 'Grime']",['Electronic']
489,E Talking   Laksa   Blue 04,E-Talking - Laksa - Blue 04,"['Techno', 'Breaks']",['Electronic']
490,Cabasa   Defective,Cabasa - Defective.mp3,"['Breaks', 'House', 'Ambient']",['Electronic']
492,Bambounou   Hale,Bambounou - Hale.mp3,['Techno'],['Electronic']
494,Cassius Select   Hype Hour,Cassius Select - Hype Hour.mp3,['House'],['Electronic']
495,PML BEATZ   Pedra de 800 Kg,PML BEATZ - Pedra de 800 Kg,['Kuduro'],"['Electronic', 'Folk, World, & Country']"
496,Angel Rocket   AM003,Angel Rocket - AM003,['Techno'],['Electronic']
498,SECRET BOYFRIEND   Memory Care Unit,SECRET BOYFRIEND - Memory Care Unit,"['Ambient', 'Drone', 'Dark Ambient']",['Electronic']
499,Silas   Snare   PRESSURE,Silas & Snare - PRESSURE,['Bass Music'],"['Electronic', 'Hip Hop']"
500,Kashual Plastik   Laure Boer   Agate et la pierre de Sable,Kashual Plastik - Laure Boer - Agate et la pierre de Sable,"['Experimental', 'Noise', 'Neofolk', 'Electroacoustic']","['Electronic', 'Folk, World, & Country']"
501,Cassius Select   Slang,Cassius Select - Slang,['Dubstep'],['Electronic']
502,Cabasa   Mail Sent EP,Cabasa - Mail Sent EP,"['Breaks', 'Techno', 'Ambient']",['Electronic']
503,Headless Horseman   Headless Horseman 007,Headless Horseman - Headless Horseman 007,"['Techno', 'Industrial']",['Electronic']
505,SKREAM   Unreleased Classics Vol.1 2003   2003,SKREAM - Unreleased Classics Vol.1 2003 - 2003,['Dubstep'],['Electronic']
506,Avon Terror Corps   Wisecrack   Flesh,Avon Terror Corps - Wisecrack - Flesh.mp3,"['Industrial', 'Experimental', 'Noise', 'Rhythmic Noise', 'Techno', 'Darkwave']",['Electronic']
507,Ruutu Poiss   Demosoup,Ruutu Poiss - Demosoup,['Leftfield'],['Electronic']
510,SSIEGE   Firenze Pad   Uomo Luce,SSIEGE - Firenze Pad - Uomo Luce,"['Ambient', 'Abstract']",['Electronic']
511,The Dengie Hundred   Tube ,The Dengie Hundred - Tube (pre-order),"['Ambient', 'Experimental']",['Electronic']
512,Eterno Ritorno   TP010  Eterno Ritorno,Eterno Ritorno - TP010- Eterno Ritorno,"['Punk', 'Hardcore']",['Rock']
516,Joy Orbison   Off Season   Fuerza  HINF8679,Joy Orbison - Off Season - Fuerza -HINF8679,"['Techno', 'Breaks']",['Electronic']
517,Space Drum Meditation   Space Drum Meditation   SDM004,Space Drum Meditation - Space Drum Meditation - SDM004,"['Tribal', 'Techno']",['Electronic']
519,At One   Rainfall In Dub,At One - Rainfall In Dub,['Synth-pop'],['Electronic']
520,Compa   Take Control,Compa - Take Control,"['Dubstep', 'Grime']",['Electronic']
521,Pugilist   Cha,Pugilist - Cha.mp3,['Dubstep'],['Electronic']
522,DJ Normal 4   BFDM009   MENTAL COMMAND TERROR,DJ Normal 4 - BFDM009 - MENTAL COMMAND TERROR,"['Breakbeat', 'Trance', 'Tribal']",['Electronic']
524,Twins   Nothing Left,Twins - Nothing Left,"['Synth-pop', 'New Wave', 'New Beat', 'House', 'Acid', 'Industrial']",['Electronic']
525,Perc   Before I Go,Perc - Before I Go.mp3,['Techno'],['Electronic']
526,DJ NERVOSO   DJ Nervoso,DJ NERVOSO - DJ Nervoso,"['House', 'Techno', 'Kuduro']","['Electronic', 'Folk, World, & Country']"
527,Intel Mercenary   Wilted Woman   IMWW,Intel Mercenary - Wilted Woman - IMWW,"['Experimental', 'Ambient', 'Techno']",['Electronic']
528,Sebastiano Carghini   tpeso,Sebastiano Carghini - tpeso,"['Abstract', 'Experimental']",['Electronic']
529,Rorschac   Lolophophora,Rorschac - Lolophophora,"['Abstract', 'Field Recording', 'Neo-Classical']","['Electronic', 'Stage & Screen']"
531,Ansome   Penny   Pound EP,Ansome - Penny & Pound EP,['Techno'],['Electronic']
533,John T. Gast   KINGS X   EXTENDED MIX,John T. Gast - KINGS X - EXTENDED MIX,"['Dub', 'Techno']","['Electronic', 'Reggae']"
534,Pangaea   You Know Whats Up,Pangaea - You Know What's Up.mp3,"['Techno', 'House']",['Electronic']
535,Delroy Edwards   4 Club Use Only ,Delroy Edwards - 4 Club Use Only (L.I.E.S),"['House', 'Techno']",['Electronic']
536,Gesloten Cirkel   M 011,Gesloten Cirkel - M-011,"['Acid House', 'Techno', 'Electro']",['Electronic']
537,Perc   My Head Is Slowly Exploding,Perc - My Head Is Slowly Exploding.mp3,['Techno'],['Electronic']
538,Neinzer   Deff,Neinzer - Deff.mp3,"['Techno', 'Abstract', 'Breakbeat', 'Ambient']",['Electronic']
539,King Doudou   Cachetona,King Doudou - Cachetona.mp3,"['Breaks', 'Experimental', 'Breakcore', 'Ragga HipHop']","['Electronic', 'Hip Hop']"
540,Job Sifre   Het Bestaan,Job Sifre - Het Bestaan,"['EBM', 'Electro', 'New Wave']",['Electronic']
541,The saturnian system   The sequel  ,The saturnian system - The sequel (2017) (flac),"['Electro', 'Acid', 'Techno']",['Electronic']
542,Ninja Exotic Machine   Wokatikitanku Ep,Ninja Exotic Machine - Wokatikitanku Ep,"['Tribal', 'Downtempo', 'Tribal House', 'Broken Beat']",['Electronic']
543,Breaka   004   Rorys Theme   Puffer Jackets,Breaka - 004 - Rory's Theme - Puffer Jackets,"['Bass Music', 'Deep House', 'Breaks']",['Electronic']
544,Tropicantesimo   Tropicantesimo Session 1,Tropicantesimo - Tropicantesimo Session 1,"['Ambient', 'Dub', 'Tropical House', 'Synth-pop']","['Electronic', 'Funk / Soul']"
545,Overmono   Diamond Cut   Bby,Overmono - Diamond Cut - Bby,"['UK Garage', 'Breakbeat']",['Electronic']
546,Space Afrika   hybtwibt,Space Afrika - hybtwibt,"['Abstract', 'Experimental', 'Ambient', 'Dub', 'Leftfield']",['Electronic']
547,Greg Beato   When Monkeys Attack  ,Greg Beato - When Monkeys Attack (2015) [FLAC],"['House', 'Techno']",['Electronic']
548,Jay Daniel   2013   Scorpio Rising EP,Jay Daniel - 2013 - Scorpio Rising EP,"['House', 'Deep House']",['Electronic']
549,King Doudou   Novinha   Tremendo Bumbum,King Doudou - Novinha - Tremendo Bumbum,"['Reggaeton', 'Trap', 'Industrial']","['Electronic', 'Hip Hop', 'Latin']"
550,Donato Dozzy   The Tao,Donato Dozzy - The Tao,"['Drum n Bass', 'Techno', 'Experimental']",['Electronic']
551,Human Resources   BAM001,Human Resources - BAM001,"['Breakbeat', 'Bassline', 'Techno', 'Electro']",['Electronic']
553,Beau Wanzer   Kitchen Clock,Beau Wanzer - Kitchen Clock.mp3,"['Industrial', 'Techno']",['Electronic']
554,Big Hands   Baroque Sunburst EP  BSUN001,Big Hands - Baroque Sunburst EP -BSUN001,"['Leftfield', 'Electro', 'Dub Techno', 'IDM']",['Electronic']
555,Loefah   Coki   Disco Rekah   All of a Sudden,Loefah & Coki - Disco Rekah - All of a Sudden,['Dubstep'],['Electronic']
556,Nah Eeto   Sumgii   Wanawake,Nah Eeto & Sumgii - Wanawake,"['Hip Hop', 'Bass Music']","['Electronic', 'Hip Hop']"
557,Dumb Hummer All The Time ,Dumb Hummer_All The Time [Livity Sound],"['Techno', 'Leftfield']",['Electronic']
560,Junior Loves   2020   Yantlet   Grain,Junior Loves - 2020 - Yantlet - Grain,['Dub'],"['Electronic', 'Reggae']"
561,Luca Lozano   Inner Peace EP,Luca Lozano - Inner Peace EP,"['House', 'Breakbeat', 'Downtempo', 'Deep House', 'Bleep']",['Electronic']
562,Lava Dome   MAGMA,Lava Dome - MAGMA,"['Post Rock', 'Experimental']",['Rock']
563,Space Drum Meditation   SDM003,Space_Drum_Meditation - SDM003,"['Tribal', 'Experimental', 'Techno']",['Electronic']
564, Forest Drive West   static   escape,[2017] Forest Drive West - static - escape,['Techno'],['Electronic']
565,Luca Lozano   Summer Of Love EP,Luca Lozano - Summer Of Love EP,['House'],['Electronic']
566,I iii   Dolce  Bun So Nude ,I-iii - Dolce  Bun So Nude [LIVITY027],"['House', 'Techno']",['Electronic']
567,Qant   Transgressive ,Qant - Transgressive (VIBEZLTD93002),"['Drum n Bass', 'Jungle']",['Electronic']
568,O$VMV$M   Manonmars   In Colour Instrumentals,O$VMV$M - Manonmars - In Colour Instrumentals,"['Ambient', 'Bass Music', 'Trip Hop', 'Screw', 'Instrumental', 'Illbient']","['Electronic', 'Hip Hop']"
569,Tafi All Stars   Outside Rhythm,Tafi All Stars - Outside Rhythm,"['African', 'Dub']","['Electronic', 'Reggae', 'Funk / Soul', 'Folk, World, & Country']"
570,Whitney K   Two Years,Whitney K - Two Years,"['Folk Rock', 'Country Rock', 'Post-Punk']","['Rock', 'Folk, World, & Country']"
571,Laughter of Saints   Kekuasaan,Laughter of Saints - Kekuasaan.mp3,"['Avantgarde', 'Experimental']","['Electronic', 'Rock', 'Folk, World, & Country']"
573,Low Jack   Jingles du Lieu dit,Low Jack - Jingles_du_Lieu-dit,"['Dancehall', 'Industrial', 'Breakbeat']","['Electronic', 'Reggae']"
574,King Doudou   SURRENDER,King Doudou - SURRENDER,['Dancehall'],"['Electronic', 'Reggae']"
576,Pangaea   Bone Sucka ,Pangaea - Bone Sucka [HES033],"['Breakbeat', 'Techno']",['Electronic']
577,Slacker   Damage To Be Undone,Slacker - Damage To Be Undone,"['Techno', 'Ambient', 'Jungle']",['Electronic']
580,Pearson Sound   Thaw Cycle,Pearson Sound - Thaw Cycle,['House'],['Electronic']
581,Atoloi   Papier dArmenie,Atoloi - Papier d'Armenie,"['Techno', 'Ambient', 'Experimental']",['Electronic']
582,Notte Brigante   Stranger Than Dub EP,Notte Brigante - Stranger Than Dub EP,"['Industrial', 'Dub', 'Experimental']",['Electronic']
583,Batu   Murmur,Batu - Murmur,['Techno'],['Electronic']
584,DJ JM   Cosa Nostra,DJ JM - Cosa Nostra,"['Techno', 'Tribal']",['Electronic']
587,Hodge   No Single Thing,Hodge - No Single Thing,"['Techno', 'Tribal']",['Electronic']
588,TMSV   Jungle  Vol. 3,TMSV - Jungle- Vol. 3,"['Jungle', 'Drum n Bass']",['Electronic']
589,Sikka Rymes   Love Di People EP,Sikka Rymes - Love Di People EP,"['Dancehall', 'Experimental', 'Bassline']","['Electronic', 'Reggae']"
590,Madteo   Sensational   Special Offer,Madteo & Sensational - Special Offer,"['Leftfield', 'Hip Hop', 'Disco']","['Electronic', 'Hip Hop']"
591,Metal Preyers   Peppa,Metal Preyers - Peppa.mp3,['Experimental'],['Electronic']
593,Various   The Architects   Volume One,Various - The Architects - Volume One,['Dubstep'],['Electronic']
594,Pearson Sound   Rubble ,Pearson Sound - Rubble [PEARS3],['Techno'],['Electronic']
595,Beneath   Seeus ,Beneath - Seeus [2017],"['Tribal', 'Techno']",['Electronic']
597,Lo Kindre   Chlorophytum,Lo Kindre - Chlorophytum,"['Experimental', 'Dub', 'Leftfield', 'Drone']",['Electronic']
598,Forest Drive West   Dualism ep  ,Forest Drive West - Dualism ep (2021) (flac),"['Dub Techno', 'Techno']",['Electronic']
599, J Kenzo   Ruffhouse VIP ,[RUFFHOUSEVIP001] J-Kenzo - Ruffhouse VIP (2021),['Dubstep'],['Electronic']
600,Kinlaw   Franco Franco   Crocs on the Plough,Kinlaw & Franco Franco - Crocs on the Plough,"['Post-Punk', 'Industrial', 'Experimental', 'Dub']","['Electronic', 'Rock']"
601,EGOLESS   Solidarity in Dub,EGOLESS - Solidarity in Dub,['Dub'],"['Electronic', 'Reggae']"
602,Pugilist   Pugilist   Another Channel   Fight Authority   Seek Truth,Pugilist - Pugilist & Another Channel - Fight Authority - Seek Truth,['Dub'],['Electronic']
603,Blade   Outlook EP ,Blade - Outlook EP [FLAC 2020],"['Drum n Bass', 'Jungle']",['Electronic']
605, DPRTNDRP   What Ya Mean ,[IFS018] DPRTNDRP - What Ya Mean (2020),['Dubstep'],['Electronic']
606,Forest Drive West   Blue 05  ,Forest Drive West - Blue 05 (2019) (flac),"['Experimental', 'Techno']",['Electronic']
607,Fredo Santana   Fredo Kruger 2,Fredo Santana - Fredo Kruger 2,['Trap'],['Hip Hop']
608,Anthony Naples   Fog FM ,Anthony Naples - Fog FM (2019),"['Techno', 'Tech House', 'House', 'Ambient', 'Deep House']",['Electronic']
609,DJ Brittle   Aleatoric Sampling System Vol. 1,DJ Brittle - Aleatoric Sampling System Vol. 1,['Plunderphonics'],['Electronic']
610,Loefah   Natural Charge Crack Bong Rmx,Loefah - Natural Charge_Crack Bong Rmx,['Dubstep'],['Electronic']
611,Mikey General   Only Jah Know,Mikey General - Only Jah Know,['Roots Reggae'],['Reggae']
613,Alex Coulton   Recall Wiretap,Alex Coulton - Recall_Wiretap,"['Dubstep', 'Experimental']",['Electronic']
614, J Kenzo   Shark Eye   Asutoraru,(ARTKL028) J-Kenzo - Shark Eye - Asutoraru,['Dubstep'],['Electronic']
615,RSD   Jah Way   Speeka Box ,RSD - Jah Way & Speeka Box [drunk 008],['Dubstep'],['Electronic']
616,Quartz   Alchemy Burn ,Quartz - Alchemy Burn [System Music],['Dubstep'],['Electronic']
617,TMSV   Jungle  Vol. 2,TMSV - Jungle- Vol. 2,"['Jungle', 'Drum n Bass']",['Electronic']
618, dub across borders   black lake lack blake,[45719] dub across borders - black lake-lack blake,"['Jungle', 'Dub', 'Roots Reggae']","['Electronic', 'Reggae']"
619,TMSV   Jungle  Vol. 1,TMSV - Jungle- Vol. 1,"['Drum n Bass', 'Jungle']",['Electronic']
620,Luca Lozano + Mr. Ho   Visions of Rhythm 2,Luca Lozano + Mr. Ho - Visions of Rhythm 2,"['Deep House', 'House', 'Breakbeat', 'Downtempo']",['Electronic']
621,Forest Drive West   Terminus ep  ,Forest Drive West - Terminus ep (2020) (flac),"['Techno', 'Drum n Bass']",['Electronic']
623,Ploy   Intrigued By The Drum  ,Ploy - Intrigued By The Drum [2017] [EP],"['Tribal', 'Techno']",['Electronic']
624,XIII   Permanent Rain,XIII - Permanent Rain,"['Ethereal', 'Neofolk', 'Dub', 'Ambient']","['Electronic', 'Folk, World, & Country']"
625,Equation ep ,Equation ep (2013),['House'],['Electronic']
626,Filter Dread   Space Beams EP,Filter Dread - Space Beams EP,"['Breakbeat', 'Drum n Bass', 'Grime']",['Electronic']
627,Odd Person   Myths of the Crystal Plateau,Odd Person - Myths of the Crystal Plateau,"['Tribal', 'New Age', 'Experimental']","['Electronic', 'Folk, World, & Country']"
628,Chaos in the CBD   Orange Blank Green Dove,Chaos in the CBD - Orange Blank Green Dove,"['House', 'Balearic', 'Acid House']",['Electronic']
629,memotone   How Was Your Life,memotone - How Was Your Life,"['Balearic', 'Ambient', 'Experimental', 'Neofolk', 'Neopagan']","['Electronic', 'Folk, World, & Country']"
630,Alex Coulton   Bleep Sequence   Tension,Alex Coulton - Bleep Sequence - Tension,"['Bass Music', 'Techno', 'House', 'UK Garage']",['Electronic']
632,Loop LF   Natural XT,Loop LF - Natural XT,"['Minimal Techno', 'Glitch', 'Drum n Bass', 'Leftfield']",['Electronic']
633,boli group   boli group   The Jutlandia Quartets,boli group - boli group - The Jutlandia Quartets,"['Modern Classical', 'Experimental']",['Electronic']
634,Dj Metatron   Loops of Infinity ,Dj Metatron - Loops of Infinity (A Rave Loveletter),"['Ambient', 'Breakbeat', 'Breaks', 'Techno', 'Neo Trance', 'Trance']",['Electronic']
635,Loop LF   Stepping Back EP  ,Loop LF - Stepping Back EP (Wall Street) [320k],"['Broken Beat', 'House', 'Techno']",['Electronic']
637,Loop LF   Drifting Forwards,Loop LF - Drifting Forwards,"['Dub Techno', 'Techno', 'Breakbeat', 'Experimental']",['Electronic']
639,Cop Envy   Total End ,Cop Envy - Total End (2016),['Techno'],['Electronic']
641,downstairs J   basement  etc,downstairs J - basement- etc,"['Trip Hop', 'Downtempo', 'Acid House']",['Electronic']
642,Sindrome   LAURA,Sindrome - LAURA,"['Techno', 'Electro', 'Experimental']",['Electronic']
644,Dj Psychiatre   Never Complain ,Dj Psychiatre - Never Complain (Lost Palms),"['Deep House', 'House']",['Electronic']
645, Gesloten Cirkel   Gesloten Cirkel,[2009] Gesloten Cirkel - Gesloten Cirkel,"['House', 'Electro', 'Acid', 'Techno']",['Electronic']
646,James Blake   If The Car Beside You Moves Ahead,James Blake - If The Car Beside You Moves Ahead,"['Experimental', 'Glitch']",['Electronic']
648,RSD Corner Dub    Pretty Bright Light ,RSD-Corner_Dub_(Blue_and_Red_Mix)_&_Pretty_Bright_Light-(DRUNK003),['Dubstep'],['Electronic']
649,Minor Science   Whities 008  ,Minor Science - Whities 008 [Ep] (2016),['Techno'],['Electronic']
650, Dj Jubilee   Eternal Dark ,(1997) Dj Jubilee - Eternal Dark (Unknown Grouping),['Jungle'],['Electronic']
