,title,path,labels
0,SPIRINET   ENERGY FORMULA  KHT007,SPIRINET - ENERGY FORMULA -KHT007,K-HOLE TRAX
1,Babe Roots  Kojo Neatness   Be Still   Rawness,Babe Roots feat Kojo Neatness - Be Still - Rawness,ZamZam Sounds
3,Jay Glass Dubs   Epitaph,Jay Glass Dubs - Epitaph,Bokeh Versions
5,Pearson Sound X Clara!   Mi Cuerpo,Pearson Sound X Clara! - Mi Cuerpo,Pearson Sound
6,DJ Seinfeld   Time Spent Away From U,DJ Seinfeld - Time Spent Away From U,Lobster Fury
8,Various Artists   Pho Beat Bazar Vol. 1,Various Artists - Pho Beat Bazar Vol. 1,Pho Bho Records
9,Mala   Miracles   New Life ,Mala - Miracles - New Life (Baby Paris),Deep Medi Musik
10,Kinlaw   Franco Franco   Mezzi Umani Mezze Macchine,Kinlaw & Franco Franco - Mezzi Umani Mezze Macchine,Avon Terror Corps
12,Motion Ward   Perpetual,Motion Ward - Perpetual.mp3,Dial (2)
13,Anunaku   DJ Plead   032,Anunaku & DJ Plead - 032,AD 93
14,Wedding Acid Group   Easid Bits EP,Wedding Acid Group - Easid Bits EP,Art-Aud
15,JOSI DEVIL   JDS WOURLD  002,JOSI DEVIL - JD'S WOURLD- 002,Homemade Soundsystem
16, OH91   Skanks EP ,[WPR008] OH91 - Skanks EP (2016),White Peach
17,Kahn   Illy,Kahn - Illy,Punch Drunk
19,Tzusing   東方不敗,Tzusing - 東方不敗,L.I.E.S. Records
20,Adriano Cava   Transient,Adriano Cava - Transient,Union Editions
21,Beau Wanzer   Untitled,Beau Wanzer - Untitled,Not On Label (Beau Wanzer Self-released)
22,MEDI64 Kahn   Dread   Late Night Blues,MEDI64 Kahn - Dread & Late Night Blues,Deep Medi Musik
23,SPORTS 3,SPORTS 3,Chrysalis
24,OL   Dismeteo,OL - Dismeteo,Motion Ward
25,Killing Sound   Pass This Version On,Killing Sound - Pass This Version On,Not On Label (Killing Sound Self-released)
27,YOKEL   Smell of Deer,YOKEL - Smell of Deer,Avon Terror Corps
28,XXIII   XXIII   VOLUME 7,XXIII - XXIII - VOLUME 7,Musical Heritage Society
29,Walton   Abyss EP,Walton - Abyss EP,Tectonic
30,No Vacancy   No Vacancy,No Vacancy - No Vacancy,My Rules
31,ONO   Red Summer,ONO - Red Summer,American Dreams Records
32,UVB76 027,UVB76-027,UVB-76 Music
33,Hotline Recordings   Ishan Sound   A Wa Yu Want,Hotline Recordings - Ishan Sound - A Wa Yu Want,Hotline Recordings
34,Low Jack   Jingles du Lieu dit,Low Jack - Jingles du Lieu-dit,Les Disques De La Bretagne
37,Ruff Hysteria,Ruff Hysteria,Natural Sciences
38,Batu   Batu   Numen   Cazz,Batu - Batu - Numen - Cazz,Hotline Recordings
39,Beneath   Beneath   Seeus   Ovaride,Beneath - Beneath - Seeus - Ovaride,Hotline Recordings
40,Secret Rave   01,Secret Rave - 01,Art-Aud
42,Loefah   Horror Show,Loefah - Horror Show.mp3,DMZ
43,Notte Infinita   I Lost All My Data,Notte Infinita - I Lost All My Data,INDEX:Records
44,Reflex Blue   Gotham EP,Reflex Blue - Gotham EP,Craigie Knowes
46,Borai   Borai   Anybody From London EP,Borai - Borai - Anybody From London EP,Hotline Recordings
50,Pendant   Make Me Know You Sweet ,Pendant - Make Me Know You Sweet (OUEST099),West Mineral Ltd.
51,Commodo   Commodo   F ck Mountain   Good Grief,Commodo - Commodo - F_ck Mountain - Good Grief,Hotline Recordings
52,Ancient Plastix   S T,Ancient Plastix - S-T,Maple Death Records
54,Joe   Get Centred,Joe - Get Centred,Cómeme
55,Lurka   Stush   Wrapped Up,Lurka - Stush - Wrapped Up,Hotline Recordings
56,James Shinra   Meteor EP,James Shinra - Meteor EP,Analogical Force
57,Hi5Ghost   Hi5Ghost   No Sleep   Peder Mannerfelt Remix,Hi5Ghost - Hi5Ghost - No Sleep - Peder Mannerfelt Remix,Hotline Recordings
58,Hodge   Hodge   Mind Games   Flashback,Hodge - Hodge - Mind Games - Flashback,Hotline Recordings
59,Secret Rave   SECRET RAVE 01,Secret Rave - SECRET RAVE 01,Art-Aud
60,Lurka   Clean,Lurka - Clean.mp3,Don't Be Afraid
62,Caucenus   REZAS,Caucenus - REZAS,XXIII
63,Group Zero   Everyone’s Already Come Apart,Group Zero - Everyone’s Already Come Apart,Touch Sensitive Records
64,XXIII   XXIII   VOLUME 8,XXIII - XXIII - VOLUME 8,Classic Rock Society
65,Lurka   Rhythm Hi Tek,Lurka - Rhythm Hi-Tek,Timedance
66,Hotline Recordings   G36   No Escape   Black Mass,Hotline Recordings - G36 - No Escape - Black Mass,Hotline Recordings
67,Kahn   Neek   Kahn   Neek   Backchat   Dubchat,Kahn & Neek - Kahn & Neek - Backchat - Dubchat,Hotline Recordings
68,Ats   Slack,Ats - Slack,Streetwise
69,Parris   2 Vultures EP,Parris - 2 Vultures EP,The Trilogy Tapes
70,Bearer   Bone,Bearer - Bone.mp3,ANA (4)
71,Alien + B12 Remix   Unreleased 96 00,Alien + B12 Remix - Unreleased 96-00,Art-Aud
72,XXIII   XXIII   VOLUME 6,XXIII - XXIII - VOLUME 6,Musical Heritage Society
73,PALEMAN   PLMN001,PALEMAN - PLMN001,PLMN
74,Trev   Of The Sorcerer,Trev - Of The Sorcerer.mp3,CoOp Presents
75,Hotline Recordings   Gantz   Tut Tut Situation   Love   Acid,Hotline Recordings - Gantz - Tut Tut Situation - Love & Acid,Hotline Recordings
76,The Humble Bee   Light Trespassing,The Humble Bee - Light Trespassing,Motion Ward
77,XXIII   XXIII   VOLUME 1,XXIII - XXIII - VOLUME 1,Musical Heritage Society
78,Dubkasm ft Rider Shafique ,Dubkasm ft Rider Shafique (Egoless remix),Dubkasm Records
79,JoeFarr   Longanimity EP,JoeFarr - Longanimity EP,Leisure System
80,Revelation Man   Medieval Massage,Revelation Man - Medieval Massage,FuckPunk
81,Tony Boy   Umile  ,Tony Boy - Umile (Deluxe) [Explicit],Warner Music Italy
82,Ishan Sound   RIder Shafique   Ishan Sound Vs Rider Shafique,Ishan Sound & RIder Shafique - Ishan Sound Vs Rider Shafique,Hotline Recordings
83,SSIEGE   Meteora,SSIEGE - Meteora,Knekelhuis
85,Data Assault   ND006   Black Earth EP,Data Assault - ND006 - Black Earth EP,Nice & Deadly
86,Audrey   Spanka Clawz,Audrey - Spanka Clawz.mp3,Scuffed Recordings
87,Mr.K   Red Handed,Mr.K - Red Handed,White Peach
88,slowthai   Runt,slowthai - Runt,Method Records (4)
89,Dave Saved   Power and Silence  Deindustrialization,Dave Saved - Power and Silence- Deindustrialization,Gang Of Ducks
90,keysound recordings   Strings Hoe ,keysound recordings - Strings Hoe (Wen refix),Keysound Recordings
91,Via Maris   Lekky   Hiblrr,Via Maris - Lekky - Hiblrr,Do You Have Peace?
92,Ploy   Iron Lungs,Ploy - Iron Lungs,Timedance
93,Marco Shuttle   Cobalt Desert Oasis,Marco Shuttle - Cobalt Desert Oasis,Incienso
94,EP 64   NLV001  EP 64   #45 ,EP-64 - NLV001- EP-64 - #45 (Live From Noods Bank Holiday Fun Day),Noods Radio
95,Farsight   Leg Shake,Farsight - Leg Shake.mp3,Scuffed Recordings
96,memotone   Memotone LP,memotone - Memotone LP,Termina
97,Rainforest Spiritual Enslavement   Green Graves,Rainforest Spiritual Enslavement - Green Graves,Hospital Productions
99,Lurka   Full Clip   BR Greaze,Lurka - Full Clip - BR Greaze,Hotline Recordings
100,Agrippa   Mygraine Urgraine   Harbour Run,Agrippa - Mygraine Urgraine - Harbour Run,Version (2)
101,XXIII   XXIII   150,XXIII - XXIII - 150,Not On Label
102,Yak   Umbra   Kaepora,Yak - Umbra - Kaepora,Version (2)
103,Chris Moss Acid   Lill Chill,Chris Moss Acid - Lill Chill,Art-Aud
104,Lurka   Ritual Dingers   Choke,Lurka - Ritual Dingers - Choke,Hotline Recordings
105,Two Shell   Access,Two Shell - Access,Livity Sound
106,Bad Tracking   Widower EP,Bad Tracking - Widower EP,Bokeh Versions
107,Randomer   Hodge   Second Freeze   Simple As,Randomer & Hodge - Second Freeze - Simple As,Dnuos Ytivil
108,Keepsakes   Ever So Merry LP,Keepsakes - Ever So Merry LP,Variance (2)
109,Aldrich   Ravaged Minds,Aldrich - Ravaged Minds,Super Hexagon Records
110,Front de Cadeaux   SUPREME RALLENTATO VOLUME 4,Front de Cadeaux - SUPREME RALLENTATO VOLUME 4,Not On Label (Front De Cadeaux Self-released)
111,Pessimist   Holsten   The Riot Tune,Pessimist & Holsten - The Riot Tune,Hotline Recordings
112,Rachael   Rachael   Okada,Rachael - Rachael - Okada,Hotline Recordings
113,Sam Binga  Marcus Visionary   Sam Binga   Marcus Visionary   Doubles EP,Sam Binga- Marcus Visionary - Sam Binga & Marcus Visionary - Doubles EP,Hotline Recordings
114,Susobrino   LA HOJA DE EUCALIPTO,Susobrino - LA HOJA DE EUCALIPTO,Rebel Up Records
115,SPIRINET   MY KISS,SPIRINET - MY KISS,Psychic Liberation
116,DJ NIGGA FOX   O Meu Estilo EP,DJ NIGGA FOX - O Meu Estilo EP,Príncipe
117,Various Artists   Music For Balconies 1,Various Artists - Music For Balconies 1,Republic Of Music
118,Henry Greenleaf   Rush EP,Henry Greenleaf - Rush EP,Version (2)
119,FLmm   Verluste EP,FLmm - Verluste EP,Toxic Waste Buried
120,Yabby You   King Tubby   Walls of Jerusalem,Yabby You & King Tubby - Walls of Jerusalem,Prophets
121,Ssiege   Beautiful Age,Ssiege - Beautiful Age,Youth
122,Somah Dark Arts,Somah-Dark_Arts,Deep Medi Musik
123,Strange Audio Dreams   Error Design,Strange Audio Dreams - Error Design,Art-Aud
124,memotone   SHIRO,memotone - SHIRO,Memorecs
125,Clouds   EDLX.046 Timeslip Roadmender EP,Clouds - EDLX.046 Timeslip Roadmender EP,Electric Deluxe
126,Dj Normal 4   Vivid,Dj Normal 4 - Vivid,Klasse Wrecks
127,Thomas P Heckmann   Acid Seduction 2,Thomas P Heckmann - Acid_Seduction 2,AFUXTRA
128,Matteo Coffetti   HypnotechoO,Matteo Coffetti - Hypnotecho'O,Pho Bho Records
129,Kowton   Utility,Kowton - Utility,Livity Sound
130,Pearson Sound   Pearls,Pearson Sound - Pearls.mp3,Columbia
131,Warehouse Rave   Soul Mass Transit System   Dont Hold Back EP,Warehouse Rave - Soul Mass Transit System - Don't Hold Back EP,Warehouse Rave
134,Berceuse Heroique   BH 071 Duckett   Emperors New Clothes Part Two,Berceuse Heroique - BH 071 Duckett - Emperor's New Clothes Part Two,Berceuse Heroique
136,Loefah   midnight,Loefah - midnight.mp3,Berceuse Heroique
137,Loefah   Root,Loefah - Root.mp3,DMZ
138,John T. Gast   5GTOUR,John T. Gast - 5GTOUR,5 Gate Temple
140,Devi Tensione   Tanto Tempo,Devi Tensione - Tanto Tempo,Riforma
141,Batu   SYX,Batu - SYX.mp3,Timedance
142,Radial   Inverso Mundi EP,Radial - Inverso Mundi EP,Mord
143,Parris   Burr   Blue,Parris - Burr - Blue,Idle Hands
144,Big Hands   Lakamha,Big Hands - Lakamha,Oscilla Sound
145,Pangaea   Wont Hurt,Pangaea - Won't Hurt.mp3,Hessle Audio
147,Senyawa   Menuju Muara ,Senyawa - Menuju Muara (fatalism Remix).mp3,Les Albums Claus
148,For Those of You Who Have Never ,For Those of You Who Have Never (And Also Those Who Have),Proibito
150, Cybonix   Make This Party Live ,[CX 016] Cybonix - Make This Party Live [2004-WEB-FLAC],Frustrated Funk
151,JoeFarr   Spectate EP,JoeFarr - Spectate EP,Leisure System
152,Young Druid   YOUNG DRUID,Young Druid - YOUNG DRUID,5 Gate Temple
153,01   Frankie Goes To Hollywood   Welcome To The Pleasuredome,01 - Frankie Goes To Hollywood - Welcome To The Pleasuredome.mp3,ZTT
154,dj haram   BODY COUNT,dj haram - BODY COUNT.mp3,Hyperdub
155,Walton   Taiko,Walton - Taiko,Kaizen
156,Donato Dozzy   Cassandra ,Donato Dozzy - Cassandra [Claque Musique],Claque Musique
158,Raccordo Fluviale Subalpino   Raccordo Fluviale Subalpino,Raccordo Fluviale Subalpino - Raccordo Fluviale Subalpino,Riforma
161,Weird Weather   Succulents EP,Weird Weather - Succulents EP,LASH00
162,Conrad Pack   Receptor,Conrad Pack - Receptor,SELN Recordings
163,Mars89   Throbbing Pain,Mars89 - Throbbing Pain.mp3,Bokeh Versions
164,Heith   Laguna,Heith - Laguna,Haunter Records
165,Locked Club   Svoboda EP,Locked Club - Svoboda EP,PRIVATE PERSONS
166,A$AP Rocky   Cozy Tapes Vol. 1   Friends,A$AP Rocky - Cozy Tapes Vol. 1 - Friends,RCA
167,Thomas P Heckmann   Acid Seduction,Thomas P Heckmann - Acid_Seduction,Afu Limited
168,V A   SECRET RAVE 03,V-A - SECRET RAVE 03,Vision Soundcarriers
169,Filter Dread   Ice Rave,Filter Dread - Ice Rave,Sneaker Social Club
170,Planet Lonely ,Planet Lonely (2018),Running Back
171,Piezo   LSD Superhero,Piezo - LSD Superhero,Wisdom Teeth
172,Dawl   Ultimate Damage,Dawl - Ultimate Damage,Fear Of Dog
173,Pugilist   Blue 06,Pugilist - Blue 06,Whities
174,O. G. JIGG   Dominion Window,O. G. JIGG - Dominion Window,Plaque Records (3)
175,Sputnik One   Warm Body EP,Sputnik One - Warm_Body_EP,Well Street Records
176,Al Wootton   Every Knee Shall Bow ,Al Wootton - Every Knee Shall Bow ,ZamZam Sounds
177,V A   SECRET RAVE 04,V-A - SECRET RAVE 04,Vision Soundcarriers
178,nthng   Are You Here,nthng - Are You Here,Pacific Command
179,I HATE MODELS   PERSEPHONE,I HATE MODELS - PERSEPHONE.mp3,Obscuur Records
180,Autumns   Dyslexia Sound System,Autumns - Dyslexia Sound System,Touch Sensitive Records
181,RG   Observer,RG - Observer,Sagome
182,Steve Summers   Generation Loss ,"Steve Summers - Generation Loss [2021, L.I.E.S.]",L.I.E.S. Records
184,Gombeen   Doygen   DAmericana   Auto Lies,Gombeen & Doygen - D'Americana - Auto-Lies,Wah Wah Wino
185,DK Riding for a Fall,DK-Riding_for_a_Fall,Antinote
186,Samba Kings EP,Samba-Kings-EP,"Deep, Dark And Dangerous"
188, Textasy   Nasty King Kurl   Bombers,[777_18] Textasy & Nasty King Kurl - Bombers,777 Recordings
189, Salamandos   The World To Come ,[BUNKER 3076] Salamandos - The World To Come [2007],Bunker Records
190,Lamont   Cut It Back EP,Lamont - Cut It Back EP,Version (2)
191,Loefah   Mud,Loefah - Mud.mp3,DMZ
192,Ulla   Tumbling Towards a Wall,Ulla - Tumbling Towards a Wall,Experiences Ltd.
193,Reptilian Expo   xperiametaphone,Reptilian Expo - xperiametaphone,Pampsychia
194,Unknown Artist   W.L.W.A.S.I.O.H. ,Unknown Artist - W.L.W.A.S.I.O.H. (K Lost Acid Dub),Art-Aud
195,Pugilist   Negative Space,Pugilist - Negative Space,Of Paradise
196,   Mode For Love E.P. ,[2011] - Mode For Love E.P. [FLAC],L.I.E.S. Records
199,Falhaber   Baptised EP,Falhaber - Baptised EP,Toxic Waste Buried
200,Glances   Stay There EP,Glances - Stay There EP,Scuffed Recordings
201,Robert Fleck   Soft focus,Robert Fleck - Soft focus,Well Street Records
202,Space Invaders Are Smoking Grass,Space Invaders Are Smoking Grass,Viewlexx
203,V A   SECRET RAVE 05,V-A - SECRET RAVE 05,Vision Soundcarriers
204,Ploy   Ramos   Roys Rolls,Ploy - Ramos - Roy's Rolls,Timedance
206,JONQUERA   Hell Reggaeton,JONQUERA - Hell Reggaeton.mp3,Brothers From Different Mothers
207,AIR Krew   A Walk Through H,AIR Krew - A Walk Through H,Riforma
208,Big Hands   Arcane Mosaics,Big Hands - Arcane Mosaics,Beat Machine Records
210,PEDRO   Damaia 2.0,PEDRO - Damaia 2.0,Enchufada
211,EDMX   Mind Mechanixx,EDMX - Mind Mechanixx,Power Vacuum
212,Frankie Knuckles   His Greatest Hits From Trax,Frankie Knuckles - His Greatest Hits From Trax,Trax Records
213,Jack Roland   Dream Technology,Jack Roland - Dream Technology,UN.T.O. Records
214,V A   SECRET RAVE 02,V-A - SECRET RAVE 02,Vision Soundcarriers
215,YOUTH   Blazer Sound System   YO6TH,YOUTH - Blazer Sound System - YO6TH,Youth
216,SEBASTIANO CARGHINI   ENXPL02   BLUE,SEBASTIANO CARGHINI - ENXPL02 - BLUE,enmossed
217,K LONE   K LONE   Sine Language,K-LONE - K-LONE - Sine Language,Wisdom Teeth
218,Marv   Keyboard Suite I,Marv - Keyboard Suite I,enmossed
219,Asusu   Hallucinator   Sendak,Asusu - Hallucinator - Sendak,Livity Sound
221,Jerico   Run That,Jerico - Run That,EMI
222,Clara! y Maoupa   Truenos,Clara! y Maoupa - Truenos.mp3,Les Disques De La Bretagne
223,Various artists   XXIII   VOLUME 4,Various artists - XXIII - VOLUME 4,Tidy
224,Supreme Rallentato Volume 2,Supreme Rallentato Volume 2,Not On Label (Front De Cadeaux Self-released)
225,Eva808   Oyuki EP,Eva808 - Oyuki EP,White Peach
226,Klaus   Sabz   Qua  ,Klaus - Sabz - Qua [2021] [EP],Tanum
227,Comme de Loin,Comme_de_Loin,Blank Mind
228,Henry Greenleaf   Fold Together EP,Henry Greenleaf - Fold Together EP,Par Avion
230,Paleman   Like O,Paleman - Like O,81
231,Buttechno   Sport  ,Buttechno - Sport [2015] [Album],Not On Label (Buttechno Self-released)
232,DJ Overdose   Emulator Armour,DJ Overdose - Emulator Armour,L.I.E.S. Records
233,Atoloi   CuraVoceScura,Atoloi - CuraVoceScura,Details Sound
234,Piezo   ANSIA004,Piezo - ANSIA004,Ansia
235,Konstruktivits   Glennascaul,Konstruktivits - Glennascaul,Sterile Records
236,MEDI82 Commodo   Shift   Instrumental,MEDI82 Commodo - Shift & Instrumental,Deep Medi Musik
237,KAHN   SYSTM035   KAHN,KAHN - SYSTM035 - KAHN,System Music (2)
238,Buttechno   Badtrip ,Buttechno - Badtrip (TRP027),Trip Recordings
239,Front De Cadeaux Supreme Rallentato Volume 1,Front De Cadeaux Supreme Rallentato Volume 1,Not On Label (Front De Cadeaux Self-released)
240,Stepz Riddim ,Stepz Riddim (2004),VP Records
242,Sunun + Jiinx   Sunun + Jiinx,Sunun + Jiinx - Sunun + Jiinx,do you have peace?
243,Babe Roots   Babe Roots LP,Babe Roots - Babe Roots LP,Linear Movement
244,Piezo   Piezo,Piezo - Piezo,81
245,Anthro   Trigger Happs EP,Anthro - Trigger Happs EP,Toxic Waste Buried
246,VA   Thick As Thieves,VA - Thick As Thieves,TXTRL
249,NKC   Hague Basement,NKC - Hague Basement,Her Records (2)
250,Abu Ama   AM002,Abu Ama - AM002,Accidental Meetings
252,G Sudden   Bunout Boss EP,G Sudden - Bunout Boss EP,Bokeh Versions
253,Lamont   Titanic   Eyes Closed,Lamont - Titanic - Eyes Closed,81
254,Wisecrack   Wisecrack,Wisecrack - Wisecrack,Wizewound
255,DJ APE   DJ OA$IS   Sleng Again   Sleng Again  Again,DJ APE & DJ OA$IS - Sleng Again - Sleng Again- Again,FuckPunk
256,Rainforest Spiritual Enslavement   Flying Fish Ambience,Rainforest Spiritual Enslavement - Flying Fish Ambience,Hospital Productions
257,Sunun   Ooid,Sunun - Ooid,Bokeh Versions
258, Salamandos   Follow The Messiah ,[BUNKER 3075] Salamandos - Follow The Messiah [2007],Bunker Records
259,Threat to Creation,Threat to Creation,Cherry Red
260,Tribe Of Colin   FRUITS OF ZION,Tribe Of Colin - FRUITS OF ZION,5 Gate Temple
261,Low Jack   Virgin Traf 22   Grass 29,Low Jack - Virgin Traf 22 - Grass 29,Not On Label (Low Jack Self-released)
263,Zuli  Rama   NMX003  Zuli   Rama,Zuli- Rama - NMX003- Zuli & Rama,Noods Radio
265,Andy Mac   Ossia   Soup Riddim   Cado   Linguine,Andy Mac & Ossia - Soup Riddim - Cado - Linguine,No Corner
266,Significant Other   Oblivion  ,Significant Other - Oblivion [2021] [EP],anno (2)
267,Space Drum Meditation   SDM001,Space_Drum_Meditation - SDM001,Space Drum Meditation
268,Various Artists   WINDOW A   WINDOW B,Various Artists - WINDOW A - WINDOW B,Ai Records
269,Buttechno   Yalta Ukraine,Buttechno - Yalta_Ukraine,Not On Label (Buttechno Self-released)
270,Space Drum Meditation   SDM005,Space_Drum_Meditation - SDM005,Space Drum Meditation
271,Qant Waiting Game EP,Qant-Waiting_Game_EP,Vibez '93
272,Gaunt   Shes No Patsy,Gaunt - She's No Patsy.mp3,Not So Much
273, Skander – Dirge ,[LACR006] Skander – Dirge (2014),L.A. Club Resource
274,Marco Shuttle   Ritmo Elegante,Marco Shuttle - Ritmo Elegante,Spazio Disponibile
275,caterina barbieri   Clessidra,caterina barbieri - Clessidra.mp3,Not On Label (Caterina Barbieri (2) Self-Released)
276,Stones Taro   Digital Vintage EP,Stones Taro - Digital Vintage EP,Scuffed Recordings
277,O$VMV$M   Soak ,O$VMV$M - Soak (goodnight mix).mp3,No Corner
278,Mikael   Wildfire,Mikael - Wildfire,Innamind Recordings
279,Chief Keef   Macaroni Time,Chief Keef - Macaroni Time,RBC Records
280, rainforest   jungle is our dub dub to jungle,[45717] rainforest - jungle is our dub-dub to jungle,45Seven
281,Ambulance vs Ambulance   Bitte Pill,Ambulance vs Ambulance - Bitte Pill.mp3,Drowned By Locals
282,Yak   Lucid Nightmare,Yak - Lucid Nightmare.mp3,3024
283,Sprawl + DArcangelo Remix   Time Tunnel,Sprawl + D'Arcangelo Remix - Time Tunnel,Art-Aud
284,Dj Healer   Nothing 2 Loose,Dj Healer - Nothing 2 Loose,All Possible Worlds
286,Florian T M Zeisig   Coatcheck,Florian T M Zeisig - Coatcheck,enmossed
287,Little Artist   CANCEL COPENHAGEN,Little Artist - CANCEL COPENHAGEN,5 Gate Temple
288,YOUTH   SSIEGE   Fading Summer   YOCS2,YOUTH - SSIEGE - Fading Summer - YOCS2,Youth
289,ZULI   Bionic Ahmed ,ZULI - Bionic Ahmed (UIQ0002),UIQ
291, SSIEGE   Turbe In Sviluppo ,[2016] SSIEGE - Turbe In Sviluppo [UN.T.O. Records],UN.T.O. Records
293,Le Combat   The Tower,Le Combat - The Tower.mp3,Chris Huelsbeck Productions
294,Big Hands   Ossario,Big Hands - Ossario,Blank Mind
296,Anthony Naples El Portal ,Anthony_Naples-El_Portal-(TTT008),The Trilogy Tapes
297,Randomer   Smokin,Randomer - Smokin,L.I.E.S. Records
298,Menzi   Impazamo,Menzi - Impazamo,Hakuna Kulala
299,"Bear Bones, Lay Low   Voces De Humo ","Bear Bones, Lay Low - Voces De Humo (DJ Plead Belly-Roll Mix).mp3",OK SPIRIT
300,Space Drum Meditation   SDM002,Space_Drum_Meditation - SDM002,Space Drum Meditation
301,Samba   Winona  ,Samba - Winona [Ep] (2019),Deep Medi Musik
302,Krikor   Gun Clash Riddim,Krikor - Gun Clash Riddim,Homemade Soundsystem
304,Tolouse Low Trax   Decades vol.II,Tolouse Low Trax - Decades vol.II,Antinote
305,Reedale Rise   Eternal Return,Reedale Rise - Eternal Return,Frustrated Funk
306,Robert Fleck   Injury Time,Robert Fleck - Injury Time,Well Street Records
307,Mido   Darunia  ,Mido - Darunia (2017) (flac),Version (2)
308,Đ.K.   The Ancient Kingdom,Đ.K. - The Ancient Kingdom,Good Morning Tapes
310,Two Shell   Over U,Two Shell - Over U.mp3,A&M Records
311,Senate   Gangstalker,Senate - Gangstalker,Pacific Command
312,Four Tet   New Energy,Four Tet - New Energy,Text Records
313,wzrdryAV   Midnight Visions,wzrdryAV - Midnight Visions,Accidental Meetings
314,Flowdan   Full Metal Jacket,Flowdan - Full Metal Jacket,Tru Thoughts
315,67   Lets Lurk ,67 - Let's Lurk [2016],6ix 7even
316,Legowelt   Immensity Of Cosmic Space,Legowelt - Immensity Of Cosmic Space,Unknown To The Unknown
317,Perc   Truss   Clapacid,Perc & Truss - Clapacid.mp3,Perc Trax Limited
319,Lemonick   Krizzli   Nammi,Lemonick & Krizzli - Nammi.mp3,Nostro Hood System
320,Anunaku   Stargate EP,Anunaku - Stargate EP,3024
321,Batu   Lurka   Curved   Bambounou Hyper Street Remix,Batu & Lurka - Curved - Bambounou Hyper Street Remix,Fringe White
322,Franco Franco   Solo Fiori,Franco Franco - Solo Fiori,do you have peace?
323,Mala   Changes   Forgive,Mala - Changes - Forgive,Deep Medi Musik
324,Tenesha The WordSmith   Madea Dangerous Women,Tenesha The WordSmith - Madea-Dangerous Women,On The Corner Records
325,Tzusing   地心引力抓不住你,Tzusing - 地心引力抓不住你.mp3,Bedouin Records
327,Ossia   chester giles   Shackles   Anpao,Ossia & chester giles - Shackles - Anpao,Empty Head Rich Heart
328,Senyawa   Alkisah,Senyawa - Alkisah,Les Albums Claus
329,XXIII   XXIII   VOLUME 3,XXIII - XXIII - VOLUME 3,R & R Record Review
331,Ossia   Devils Dance,Ossia - Devil's Dance,Blackest Ever Black
332,Bruce   Sonder Somatic    ,Bruce - Sonder Somatic - (2018) [WEB-FLAC],Hessle Audio
334,Hebbe   Down Town Dub  Tumble,Hebbe - Down Town Dub  Tumble,System Music (2)
335,Persistence of memory  ,Persistence of memory (2017) (flac),Hidden Hawaii
336,hypho   round ere,hypho - round ere,81
337,Paleman   Yrs Ago   Animus,Paleman - Yrs Ago - Animus,81
339,Notte Brigante   DJ F16 FALCON   Ici Commence La Nuit,Notte Brigante - DJ F16 FALCON - Ici Commence La Nuit,Notte Brigante
340,Anthony Naples   Chameleon,Anthony Naples - Chameleon,ANS
341,The Prince Stoner   Stoners Dub,The Prince Stoner - Stoner's Dub,Groovedge Records
342,Jake Muir   Ladys Mantle,Jake Muir - Lady's Mantle,Sferic
343,O$VMV$M   O$VMV$M   Phase 4   Witch Linen,O$VMV$M - O$VMV$M - Phase 4' - 'Witch Linen,Idle Hands
344,Huerco S.   QTT4,Huerco S. - QTT4,Quiet Time Tapes
345,Sikka Rymes   Seh Dem Bad,Sikka Rymes - Seh Dem Bad.mp3,Bokeh Versions
346,Via Maris   Glow Wall   CU2,Via Maris - Glow Wall - CU2,Livity Sound
348,Batu   Marius EP,Batu - Marius EP,Hessle Audio
352,YOUTH   Nuclear Winter   Heavy Rain   Y15TH,YOUTH - Nuclear Winter - Heavy Rain - Y15TH,Youth
354,Sharp tool in the shed   Land of the insane  ,Sharp tool in the shed - Land of the insane (2018) (flac),Livity Sound
356,Lamont   Detached,Lamont - Detached,81
357,Cousin   Ruff Draft,Cousin - Ruff Draft,81
358,David Goren   Brooklyn Pirates  Neighbourhoods in the Sky  2014 2021,David Goren - Brooklyn Pirates- Neighbourhoods in the Sky- 2014-2021,Death Is Not The End
359,Elgato   Tonight   Blue,Elgato - Tonight - Blue,Hessle Audio
360, Soundbwoy Killah   Halcyon Daze ,[SNKRLP004] Soundbwoy Killah - Halcyon Daze (2019),Sneaker Social Club
361,CS + Kreme   EP #1,CS + Kreme - EP #1,The Trilogy Tapes
362,Jerome   Moods,Jerome - Moods,EmArcy
363,Rezzett   Rezzett LP,Rezzett - Rezzett LP,The Trilogy Tapes
364,Grim Lusk   Search,Grim Lusk - Search.mp3,Domestic Exile
366,Manse   Cymbal Shudder,Manse - Cymbal Shudder,MNS
368,Significant Other   Postdrome EP,Significant Other - Postdrome EP,Well Street Records
369,Blade  Evil Forces EP,Blade -Evil_Forces_EP,Vibez '93
371,LCY   LCY,LCY - LCY,MF Records (4)
373,forest drive west set free web,forest_drive_west-set_free-web,Studio Hamburg Enterprises
375,Sparse   Sparse #1,Sparse - Sparse #1,Nullpunkt
376, BODDIKA   Acid Jackson Basement ,[SWAMP019] BODDIKA - Acid Jackson-Basement (2012),Swamp 81
377, Soundbwoy Killah   Come My Selector ,[SNKR015] Soundbwoy Killah - Come My Selector (2018),Sneaker Social Club
378,Jake Muir   the hum of your veiled voice,Jake Muir - the hum of your veiled voice,Sferic
379,XXIII   XXIII   VOLUME 2,XXIII - XXIII - VOLUME 2,Musical Heritage Society
381,forest drive west   apparitions ,forest drive west - apparitions [livity033],Livity Sound
382,Lil Durk   Im Still a Hitta,Lil Durk - I'm Still a Hitta,Not On Label
383,Rakim   The Master,Rakim - The Master,Universal Records
384,Debmaster   1av2,Debmaster - 1av2.mp3,Hakuna Kulala
386,Hodge   Amor Fati    Tilikum ,Hodge - Amor Fati (Peverelist remix) - Tilikum (Hodge remix),Dnuos Ytivil
387,Paleman   Beezeldub,Paleman - Beezeldub,81
388,Bambounou x Bruce   Final Conference,Bambounou x Bruce - Final Conference,Bambe
389,XXIII   XXIII   VOLUME 5,XXIII - XXIII - VOLUME 5,Dacru Records
390, People Plus   Olympus Mons EP ,[INC003] People Plus - Olympus Mons EP (2018),Incienso
391, Nick Klein   Rhinestone Cowboy,[LIES089] Nick Klein - Rhinestone Cowboy,L.I.E.S. Records
392,Yung Beef   Perreo de la Muerte 2 ,"Yung Beef - Perreo de la Muerte 2 [Spain,2019]",La Vendicion
393,Basic Rhythm   2 Da Core,Basic Rhythm - 2 Da Core,Planet Mu
394,Otik   Wetlands,Otik - Wetlands,INTERGRADED
397,Weeshuis Der Verloren Zielen EP,Weeshuis Der Verloren Zielen EP,Pinkman
398,Rosso Polare   Bocca Dombra,Rosso Polare - Bocca D'ombra,Sagome
399,Hodge   HEK025 ,Hodge - HEK025 (2015),Hemlock Recordings
400,Never mind   Short stay  ,Never mind - Short stay (2019) (flac),Bandulu Records
402,Luca Lozano   Gun Fingers ,Luca Lozano - Gun Fingers ,Hypercolour
403,Nikolajev   LEL EP,Nikolajev - LEL EP,Incienso
404,Laksa   Sen On One,Laksa - Sen On One,Timedance
407,Yao Bobby   Simon Grab   Black Revolution,Yao Bobby & Simon Grab - Black Revolution.mp3,Lavalava Records
408,Coco Bryce   Tommy The Cat   Coco   The Cat Return ,Coco Bryce - Tommy The Cat - Coco & The Cat Return (CITB007),Cat In The Bag
409,Loefah   Ruffage,Loefah - Ruffage.mp3,Not On Label (Loefah Self-released)
410,Peverelist   Undulate   Grit,Peverelist - Undulate - Grit,Livity Sound
411,PEDRO   Na Quebrada ,PEDRO - Na Quebrada (feat. Rincon Sapiência),Enchufada
412,STILL   Haile Selassie Is The Micro Chip ,STILL - Haile Selassie Is The Micro-Chip (NÍDIA Remix).mp3,Pan (3)
413,Tessela   Lanark Artefax   Blue 01,Tessela - Lanark Artefax - Blue 01,Whities
414,Loefah   The Goat Stare,Loefah - The Goat Stare.mp3,DMZ
416,Reflec   BHM,Reflec - BHM,Pacific Command
417,Branko + PEDRO   MPTS,Branko + PEDRO - MPTS,Enchufada
418,Huerco S.   Plonk,Huerco S. - Plonk,Incienso
419,Pearson Sound   Starburst EP,Pearson Sound - Starburst EP,Hessle Audio
420,PEDRO   DL,PEDRO - DL,CBS
422,Wilted Woman   Songs in the Key of Wilt,Wilted Woman - Songs in the Key of Wilt,Hot Releases
423,forest drive west jungle crack ep,forest_drive_west-jungle_crack_ep,Rupture London
424,Ascot ww   Welcome To The Wicked Land,Ascot-ww - Welcome To The Wicked Land,Fear Of Dog
425,Drax   The 3rd Decade,Drax - The 3rd Decade,Perc Trax Limited
428,Madteo   Str8 Crooked,Madteo - Str8 Crooked,Honest Jon's Records
429,Aleksa Alaska  Chlorys   NMX002  Paranormal Mixtape,Aleksa Alaska- Chlorys - NMX002- Paranormal Mixtape,Noods Radio
432,Fabio Fabio   Masochistas EP ,Fabio Fabio - Masochistas EP (IVR011),Ivreatronic
435,UVB76   IWA GAADEN,UVB76 - IWA GAADEN,Random Numbers
437,BKV Cadavre   VOM   Fire In The Mind,BKV Cadavre - VOM - Fire In The Mind.mp3,BKV Cadavre
439,Caski   Structures,Caski - Structures.mp3,4 Seasons Music
440,Mars89   Lucid Dream EP,Mars89 - Lucid Dream EP,Bokeh Versions
441,Krush Lumpkin   Rilascio,Krush Lumpkin - Rilascio,Riforma
442,Low Jack   Les Riddims du Lieu dit,Low Jack - Les Riddims du Lieu-dit,Les Disques De La Bretagne
443,Tammo Hesselink   It Is Easy To See,Tammo Hesselink - It Is Easy To See.mp3,Nous'klaer Audio
444,Logic1000   LOGIC1000,Logic1000 - LOGIC1000,Because Music
445,Seven Sisters   Pursuit Ep,Seven Sisters - Pursuit Ep,Konglomerat
447,Dori Sorride   A Catturare I Raggi,Dori Sorride - A Catturare I Raggi,Riforma
448,a rocket in dub   normal dub,a rocket in dub - normal dub,Krachladen Dub
449,Christos Chondropoulos   Oaks,Christos Chondropoulos - Oaks.mp3,12th Isle
450,John T. Gast   SINEAD MEMORY TAPE ,John T. Gast - SINEAD MEMORY TAPE (2015),5 Gate Temple
451,Beneath   Numbers Talk EP,Beneath - Numbers Talk EP,Livity Sound
452,Massacooramaan   Dancehall Princess,Massacooramaan - Dancehall Princess.mp3,Fade To Mind
453,Mall Grab   How The Dogs Chill  Vol.1,Mall Grab - How The Dogs Chill- Vol.1,Looking For Trouble (2)
454,Tessela   Hackney Parrot   Helter Skelter,Tessela - Hackney Parrot - Helter Skelter,Poly Kicks
455,Randomer   HEK021   Randomer   Bring   Curtains,Randomer - HEK021 - Randomer - Bring - Curtains,Hemlock Recordings
458,Bakongo   Thirteen Level Cowbell,Bakongo - Thirteen-Level Cowbell,Trule
459,Various Artists   Music For Balconies 2,Various Artists - Music For Balconies 2,Republic Of Music
461,SAINT ABDULLAH   IN GODS IMAGE,SAINT ABDULLAH - IN GOD'S IMAGE,Psychic Liberation
462,Batu   Bleeper Feed   April These,Batu - Bleeper Feed - April These,Dnuos Ytivil
463,Jake Muir   ITLP10   Mana,Jake Muir - ITLP10 - Mana,Ilian Tape
464,Duma   Duma,Duma - Duma,Nyege Nyege Tapes
465,Kahn      Dread + Dubkasm Versions ,Kahn - (2020) - Dread + Dubkasm Versions [MEDI-117],Deep Medi Musik
466,OSS001 Masters,OSS001 Masters,Ministry Of Sound
467,KELMAN DURAN   1804 KIDS,KELMAN DURAN - 1804 KIDS,Hundebiss
468,Florian T M Zeisig   You Look So Serious,Florian T M Zeisig - You Look So Serious,Cassauna
469,Pawels Bar   Pawels Bar   Cantina,Pawel's Bar - Pawel's Bar - Cantina,OK SPIRIT
470,Bruce   Im Alright Mate   Post Rave Wrestle,Bruce - I'm Alright Mate - Post Rave Wrestle,Timedance
471,Dentis   The Pintupi Nine EP,Dentis - The Pintupi Nine EP,Toxic Waste Buried
472,Laksa   The Amala Trick   In The Middle,Laksa - The Amala Trick - In The Middle,Timedance
473,Bokeh Allstars   Mutual Aid 2020,Bokeh Allstars - Mutual Aid 2020,Bokeh Versions
474,GUNDAM   DARKSIDE DUB,GUNDAM - DARKSIDE DUB.mp3,Not On Label (Gundam (3) Self-released)
475,Objekt   Objekt #4,Objekt - Objekt #4,Objekt
477,Loefah   woman,Loefah - woman.mp3,Berceuse Heroique
479,BABE ROOTS   MUSIC MISSION EP,BABE ROOTS - MUSIC MISSION EP,Blanco Y Negro (2)
480,Loefah   Ginnocchio,Loefah - Ginnocchio.mp3,Not On Label (Loefah Self-released)
481,Chaperone   Jazz From the Shelter,Chaperone - Jazz From the Shelter,enmossed
482,Jonah Dan   Galactic Light,Jonah Dan - Galactic Light.mp3,Bokeh Versions
483,Oyl   Urm,Oyl - Urm,ANA (4)
484,dentis   Music for the Masses EP,dentis - Music for the Masses EP,Obscuur Records
486,Forest Drive West   System   Show Them,Forest Drive West - System - Show Them,Dnuos Ytivil
487,YOUTH   Katatonic Silentio   Pow Snake,YOUTH - Katatonic Silentio - Pow Snake.mp3,Youth
489,E Talking   Laksa   Blue 04,E-Talking - Laksa - Blue 04,Whities
490,Cabasa   Defective,Cabasa - Defective.mp3,Eclipse Tribez
492,Bambounou   Hale,Bambounou - Hale.mp3,AD 93
494,Cassius Select   Hype Hour,Cassius Select - Hype Hour.mp3,Accidental Jnr
495,PML BEATZ   Pedra de 800 Kg,PML BEATZ - Pedra de 800 Kg,Príncipe
496,Angel Rocket   AM003,Angel Rocket - AM003,Accidental Meetings
498,SECRET BOYFRIEND   Memory Care Unit,SECRET BOYFRIEND - Memory Care Unit,Blackest Ever Black
499,Silas   Snare   PRESSURE,Silas & Snare - PRESSURE,Kaizen
500,Kashual Plastik   Laure Boer   Agate et la pierre de Sable,Kashual Plastik - Laure Boer - Agate et la pierre de Sable,Kashual Plastik
501,Cassius Select   Slang,Cassius Select - Slang,Not On Label
502,Cabasa   Mail Sent EP,Cabasa - Mail Sent EP,Eddy Larkin
503,Headless Horseman   Headless Horseman 007,Headless Horseman - Headless Horseman 007,Headless Horseman
505,SKREAM   Unreleased Classics Vol.1 2003   2003,SKREAM - Unreleased Classics Vol.1 2003 - 2003,Not On Label (Skream Self-released)
506,Avon Terror Corps   Wisecrack   Flesh,Avon Terror Corps - Wisecrack - Flesh.mp3,Avon Terror Corps
507,Ruutu Poiss   Demosoup,Ruutu Poiss - Demosoup,MIDA (3)
510,SSIEGE   Firenze Pad   Uomo Luce,SSIEGE - Firenze Pad - Uomo Luce,Union Editions
511,The Dengie Hundred   Tube ,The Dengie Hundred - Tube (pre-order),Sagome
512,Eterno Ritorno   TP010  Eterno Ritorno,Eterno Ritorno - TP010- Eterno Ritorno,Total Peace
516,Joy Orbison   Off Season   Fuerza  HINF8679,Joy Orbison - Off Season - Fuerza -HINF8679,Hinge Finger
517,Space Drum Meditation   Space Drum Meditation   SDM004,Space Drum Meditation - Space Drum Meditation - SDM004,Space Drum Meditation
519,At One   Rainfall In Dub,At One - Rainfall In Dub,Akuma Records
520,Compa   Take Control,Compa - Take Control,Artikal Music UK
521,Pugilist   Cha,Pugilist - Cha.mp3,Modern Hypnosis
522,DJ Normal 4   BFDM009   MENTAL COMMAND TERROR,DJ Normal 4 - BFDM009 - MENTAL COMMAND TERROR,Brothers From Different Mothers
524,Twins   Nothing Left,Twins - Nothing Left,Clear (4)
525,Perc   Before I Go,Perc - Before I Go.mp3,Perc Trax
526,DJ NERVOSO   DJ Nervoso,DJ NERVOSO - DJ Nervoso,Príncipe
527,Intel Mercenary   Wilted Woman   IMWW,Intel Mercenary - Wilted Woman - IMWW,do you have peace?
528,Sebastiano Carghini   tpeso,Sebastiano Carghini - tpeso,Kohlhaas
529,Rorschac   Lolophophora,Rorschac - Lolophophora,Pampsychia
531,Ansome   Penny   Pound EP,Ansome - Penny & Pound EP,Mord
533,John T. Gast   KINGS X   EXTENDED MIX,John T. Gast - KINGS X - EXTENDED MIX,5 Gate Temple
534,Pangaea   You Know Whats Up,Pangaea - You Know What's Up.mp3,Hadal
535,Delroy Edwards   4 Club Use Only ,Delroy Edwards - 4 Club Use Only (L.I.E.S),L.I.E.S. Records
536,Gesloten Cirkel   M 011,Gesloten Cirkel - M-011,Murder Capital
537,Perc   My Head Is Slowly Exploding,Perc - My Head Is Slowly Exploding.mp3,Perc Trax
538,Neinzer   Deff,Neinzer - Deff.mp3,Whities
539,King Doudou   Cachetona,King Doudou - Cachetona.mp3,Not On Label (The Beginning Of Pozole Self-released)
540,Job Sifre   Het Bestaan,Job Sifre - Het Bestaan,Knekelhuis
541,The saturnian system   The sequel  ,The saturnian system - The sequel (2017) (flac),Delsin
542,Ninja Exotic Machine   Wokatikitanku Ep,Ninja Exotic Machine - Wokatikitanku Ep,Pho Bho Records
543,Breaka   004   Rorys Theme   Puffer Jackets,Breaka - 004 - Rory's Theme - Puffer Jackets,Holding Hands
544,Tropicantesimo   Tropicantesimo Session 1,Tropicantesimo - Tropicantesimo Session 1,Penny Records
545,Overmono   Diamond Cut   Bby,Overmono - Diamond Cut - Bby,XL Recordings
546,Space Afrika   hybtwibt,Space Afrika - hybtwibt,Not On Label (Space Afrika Self-released)
547,Greg Beato   When Monkeys Attack  ,Greg Beato - When Monkeys Attack (2015) [FLAC],Apron Records
548,Jay Daniel   2013   Scorpio Rising EP,Jay Daniel - 2013 - Scorpio Rising EP,Sound Signature
549,King Doudou   Novinha   Tremendo Bumbum,King Doudou - Novinha - Tremendo Bumbum,Les Disques De La Bretagne
550,Donato Dozzy   The Tao,Donato Dozzy - The Tao,Samurai Music
551,Human Resources   BAM001,Human Resources - BAM001,Body Action Music
553,Beau Wanzer   Kitchen Clock,Beau Wanzer - Kitchen Clock.mp3,L.A. Club Resource
554,Big Hands   Baroque Sunburst EP  BSUN001,Big Hands - Baroque Sunburst EP -BSUN001,Baroque Sunburst
555,Loefah   Coki   Disco Rekah   All of a Sudden,Loefah & Coki - Disco Rekah - All of a Sudden,Deep Medi Musik
556,Nah Eeto   Sumgii   Wanawake,Nah Eeto & Sumgii - Wanawake,Swamp 81
557,Dumb Hummer All The Time ,Dumb Hummer_All The Time [Livity Sound],Livity Sound
560,Junior Loves   2020   Yantlet   Grain,Junior Loves - 2020 - Yantlet - Grain,5 Gate Temple
561,Luca Lozano   Inner Peace EP,Luca Lozano - Inner Peace EP,Super Rhythm Trax
562,Lava Dome   MAGMA,Lava Dome - MAGMA,Not On Label (Texas Hold'Em Lava Dome Self-released)
563,Space Drum Meditation   SDM003,Space_Drum_Meditation - SDM003,Space Drum Meditation
564, Forest Drive West   static   escape,[2017] Forest Drive West - static - escape,Livity Sound
565,Luca Lozano   Summer Of Love EP,Luca Lozano - Summer Of Love EP,Super Rhythm Trax
566,I iii   Dolce  Bun So Nude ,I-iii - Dolce  Bun So Nude [LIVITY027],Livity Sound
567,Qant   Transgressive ,Qant - Transgressive (VIBEZLTD93002),Vibez '93
568,O$VMV$M   Manonmars   In Colour Instrumentals,O$VMV$M - Manonmars - In Colour Instrumentals,Young Echo
569,Tafi All Stars   Outside Rhythm,Tafi All Stars - Outside Rhythm,Autonomous Africa
570,Whitney K   Two Years,Whitney K - Two Years,Maple Death Records
571,Laughter of Saints   Kekuasaan,Laughter of Saints - Kekuasaan.mp3,Avon Terror Corps
573,Low Jack   Jingles du Lieu dit,Low Jack - Jingles_du_Lieu-dit,Les Disques De La Bretagne
574,King Doudou   SURRENDER,King Doudou - SURRENDER,Not On Label
576,Pangaea   Bone Sucka ,Pangaea - Bone Sucka [HES033],Hessle Audio
577,Slacker   Damage To Be Undone,Slacker - Damage To Be Undone,Soft Raw
580,Pearson Sound   Thaw Cycle,Pearson Sound - Thaw Cycle,Pearson Sound
581,Atoloi   Papier dArmenie,Atoloi - Papier d'Armenie,Aura Dinamica
582,Notte Brigante   Stranger Than Dub EP,Notte Brigante - Stranger Than Dub EP,Notte Brigante
583,Batu   Murmur,Batu - Murmur,Timedance
584,DJ JM   Cosa Nostra,DJ JM - Cosa Nostra,Even The Strong
587,Hodge   No Single Thing,Hodge - No Single Thing,Livity Sound
588,TMSV   Jungle  Vol. 3,TMSV - Jungle- Vol. 3,Not On Label (TMSV Self-released)
589,Sikka Rymes   Love Di People EP,Sikka Rymes - Love Di People EP,Bokeh Versions
590,Madteo   Sensational   Special Offer,Madteo & Sensational - Special Offer,Wania
591,Metal Preyers   Peppa,Metal Preyers - Peppa.mp3,Nyege Nyege Tapes
593,Various   The Architects   Volume One,Various - The Architects - Volume One,Artikal Music UK
594,Pearson Sound   Rubble ,Pearson Sound - Rubble [PEARS3],Pearson Sound
595,Beneath   Seeus ,Beneath - Seeus [2017],Hotline Recordings
597,Lo Kindre   Chlorophytum,Lo Kindre - Chlorophytum,12th Isle
598,Forest Drive West   Dualism ep  ,Forest Drive West - Dualism ep (2021) (flac),Livity Sound
599, J Kenzo   Ruffhouse VIP ,[RUFFHOUSEVIP001] J-Kenzo - Ruffhouse VIP (2021),Not On Label
600,Kinlaw   Franco Franco   Crocs on the Plough,Kinlaw & Franco Franco - Crocs on the Plough,No Corner
601,EGOLESS   Solidarity in Dub,EGOLESS - Solidarity in Dub,Not On Label (Egoless Self-released)
602,Pugilist   Pugilist   Another Channel   Fight Authority   Seek Truth,Pugilist - Pugilist & Another Channel - Fight Authority - Seek Truth,Modern Hypnosis
603,Blade   Outlook EP ,Blade - Outlook EP [FLAC 2020],Vibez '93
605, DPRTNDRP   What Ya Mean ,[IFS018] DPRTNDRP - What Ya Mean (2020),Infernal Sounds
606,Forest Drive West   Blue 05  ,Forest Drive West - Blue 05 (2019) (flac),Whities
607,Fredo Santana   Fredo Kruger 2,Fredo Santana - Fredo Kruger 2,Savage Squad Records
608,Anthony Naples   Fog FM ,Anthony Naples - Fog FM (2019),ANS
609,DJ Brittle   Aleatoric Sampling System Vol. 1,DJ Brittle - Aleatoric Sampling System Vol. 1,Bliss Archive
610,Loefah   Natural Charge Crack Bong Rmx,Loefah - Natural Charge_Crack Bong Rmx,Version (2)
611,Mikey General   Only Jah Know,Mikey General - Only Jah Know,Poor Man's Friend Records
613,Alex Coulton   Recall Wiretap,Alex Coulton - Recall_Wiretap,Tempa
614, J Kenzo   Shark Eye   Asutoraru,(ARTKL028) J-Kenzo - Shark Eye - Asutoraru,Artikal Music UK
615,RSD   Jah Way   Speeka Box ,RSD - Jah Way & Speeka Box [drunk 008],Punch Drunk
616,Quartz   Alchemy Burn ,Quartz - Alchemy Burn [System Music],System Music (2)
617,TMSV   Jungle  Vol. 2,TMSV - Jungle- Vol. 2,Broken Records (83)
618, dub across borders   black lake lack blake,[45719] dub across borders - black lake-lack blake,45Seven
619,TMSV   Jungle  Vol. 1,TMSV - Jungle- Vol. 1,Broken Records (83)
620,Luca Lozano + Mr. Ho   Visions of Rhythm 2,Luca Lozano + Mr. Ho - Visions of Rhythm 2,Klasse Wrecks
621,Forest Drive West   Terminus ep  ,Forest Drive West - Terminus ep (2020) (flac),R & S Records
623,Ploy   Intrigued By The Drum  ,Ploy - Intrigued By The Drum [2017] [EP],Timedance
624,XIII   Permanent Rain,XIII - Permanent Rain,Knekelhuis
625,Equation ep ,Equation ep (2013),Lobster Theremin
626,Filter Dread   Space Beams EP,Filter Dread - Space Beams EP,Unknown To The Unknown
627,Odd Person   Myths of the Crystal Plateau,Odd Person - Myths of the Crystal Plateau,Nonlocal Research
628,Chaos in the CBD   Orange Blank Green Dove,Chaos in the CBD - Orange Blank Green Dove,In Dust We Trust
629,memotone   How Was Your Life,memotone - How Was Your Life,Impatience
630,Alex Coulton   Bleep Sequence   Tension,Alex Coulton - Bleep Sequence - Tension,Mistry
631,Giggs   Big Bad ,Giggs - Big Bad (2019),SN1 Records
632,Loop LF   Natural XT,Loop LF - Natural XT,Well Street Records
633,boli group   boli group   The Jutlandia Quartets,boli group - boli group - The Jutlandia Quartets,Haunter Records
634,Dj Metatron   Loops of Infinity ,Dj Metatron - Loops of Infinity (A Rave Loveletter),All Possible Worlds
635,Loop LF   Stepping Back EP  ,Loop LF - Stepping Back EP (Wall Street) [320k],Well Street Records
637,Loop LF   Drifting Forwards,Loop LF - Drifting Forwards,Well Street Records
639,Cop Envy   Total End ,Cop Envy - Total End (2016),Black Opal
641,downstairs J   basement  etc,downstairs J - basement- etc,Incienso
642,Sindrome   LAURA,Sindrome - LAURA,Dog Bones Tape
643,Iris   The Green Domain,Iris - The Green Domain,PMF Records
644,Dj Psychiatre   Never Complain ,Dj Psychiatre - Never Complain (Lost Palms),Lost Palms
645, Gesloten Cirkel   Gesloten Cirkel,[2009] Gesloten Cirkel - Gesloten Cirkel,Murder Capital
646,James Blake   If The Car Beside You Moves Ahead,James Blake - If The Car Beside You Moves Ahead,Polydor
648,RSD Corner Dub    Pretty Bright Light ,RSD-Corner_Dub_(Blue_and_Red_Mix)_&_Pretty_Bright_Light-(DRUNK003),Punch Drunk
649,Minor Science   Whities 008  ,Minor Science - Whities 008 [Ep] (2016),Whities
650, Dj Jubilee   Eternal Dark ,(1997) Dj Jubilee - Eternal Dark (Unknown Grouping),Low Battery
