,Artist,Album
0,"Mina, Bryte, King Doudou ",Sentah (King Doudou Baile Funk Mix)
1,Motion Ward ,Perpetual
2,Cassius Select ,IF YOU DO A LITTLE DANCE
3,Pugilist ,Intentions
4,Loefah ,Horror Show
5,King Doudou ,Cyberluv ft. Albany & Tomasa del Real
6,Lurka ,Clean
7,Bearer ,Bone
8,Trev ,Of The Sorcerer
9,Audrey ,Spanka Clawz
10,Farsight ,Leg Shake
11,Haramia Tapes ,Evening Theme
12,Hotline Recordings ,Black Mass
13,Pearson Sound ,Pearls
14,Pugilist ,Pineapple Tune
15,Loefah ,midnight
16,Loefah ,Root
17,Batu ,SYX
18,Pangaea ,Won't Hurt
19,Senyawa ,Menuju Muara (fatalism Remix)
20,dj haram ,BODY COUNT
21,SPIRITS OF THE BLACK LODGE ,Wind Ripped
22,J,A1 Diablo Verde
23,JV & Palf ,Don't Stop (Cassius Select Remix)
24,Mars89 ,Throbbing Pain
25,I HATE MODELS ,PERSEPHONE
26,"De Grandi, Mc 2D, King Doudou ",Sapristi (King Doudou Baile Funk Mix ft. Mc 2D)
27,Loefah ,Mud
28,JONQUERA ,Hell Reggaeton
29,Clara! y Maoupa ,Truenos
30,Zoë Mc Pherson ,Alva
31,Gavnlig ,Canola
32,Holiday Inn Tropicantesimo ,Equohm
33,Gaunt ,She's No Patsy
34,caterina barbieri ,Clessidra
35,O$VMV$M ,Soak (goodnight mix)
36,Ambulance vs Ambulance ,Bitte Pill
37,Yak ,Lucid Nightmare
38,Le Combat ,The Tower
39,"Bear Bones, Lay Low ",Roll Mix)
40,Two Shell ,Over U
41,Perc & Truss ,Clapacid
42,Lemonick & Krizzli ,Nammi
43,Tzusing ,地心引力抓不住你
44,"El Mini, King Doudou ",Superpussy (King Doudou Afro Mix)
45,Sikka Rymes ,Seh Dem Bad
46,King Doudou ,Pastillas (King Doudou Edit)
47,King Doudou ,Fiebre Riddim
48,Grim Lusk ,Search
49,Ebb ft. Akcept ,Wild Wood
50,Debmaster ,1av2
51,King Doudou ,Alarma
52,King Doudou ,DANAO
53,Yao Bobby & Simon Grab ,Black Revolution
54,Loefah ,Ruffage
55,STILL ,Chip (NÍDIA Remix)
56,Loefah ,The Goat Stare
57,"Le Dom, Cabo Snoop, King Doudou ",Final Windeck (King Doudou Edit)
58,Addison Groove ,FOOTCRAB VIP REMASTER
59,BKV Cadavre ,Fire In The Mind
60,Caski ,Structures
61,Tammo Hesselink ,It Is Easy To See
62,Christos Chondropoulos ,Oaks
63,Massacooramaan ,Dancehall Princess
64,GUNDAM ,DARKSIDE DUB
65,Loefah ,woman
66,dentis ,Gulag
67,Loefah ,Ginnocchio
68,Jonah Dan ,Galactic Light
69,YOUTH ,Pow Snake
70,Cabasa ,Defective
71,King Doudou ,Futsal Mega Mix
72,Bambounou ,Hale
73,Cassius Select ,Hype Hour
74,King Doudou ,Mask Off (King Doudou Baile Funk Edit)
75,Avon Terror Corps ,Flesh
76,Pugilist ,Cha
77,Perc ,Before I Go
78,Pangaea ,You Know What's Up
79,Perc ,My Head Is Slowly Exploding
80,Neinzer ,Deff
81,King Doudou ,Cachetona
82,JLZ ,BABYLON (JLZ MANDELA EDIT)
83,Beau Wanzer ,Kitchen Clock
84,"Khaled, Trapani, King Doudou ",Mea Culpa (King Doudou Reggae Mix)
85,Laughter of Saints ,Kekuasaan
86,Bass ,Anaconda Legs
87,Metal Preyers ,Peppa
88,Ele Dane ,nature shaft
89,Lamont ,Aldgate Pump
